Merchant Name,Merchant ID,Store Name,Store ID,Updated On,Created On,Type,Category,Subcategory,Status,Transaction ID,Linked Transaction ID,Partner transaction ID 1,Partner transaction ID 2,Long Order ID,Short Order ID,Booking ID,Order Channel,Order Type,Payment Method,Receiving account / Source of fund,Terminal ID,Channel,Offer Type,Grab Fee (%),Points Multiplier,Points Issued,Settlement ID,Transfer Date,Amount,Tax on Order Value,Restaurant Packaging Charge,Non-Member Fee,Restaurant Service Charge,Offer,Discount (Merchant-Funded),Delivery Fee Discount (Merchant-Funded),Delivery Charge (Grab Online Store),Delivery Charge (Merchant Delivery),GrabExpress Delivery Service Fee,Net Sales,Net MDR,Tax on MDR,Grab Fee,Marketing success fee,Delivery Commission,Channel Commission,Order commission,Step-up commission,GrabKitchen Commission,GrabKitchen Other Commission,Withholding Tax,Total,Tax on MDR (%),Delivery Commission (%),Channel Commission (%),Order Commission (%),"Tax on GrabFood/GrabMart commission, adjustments, ads",Tax on Total GrabKitchen Commission,Cancellation Reason,Cancelled by,Reason for Refund,Description,Incident group,Incident alias,Customer refund Item,Appeal link,Appeal status
Restoran Desa Steamboat,6e97a62f-49f8-429d-afed-748e2cacda7e,Restoran Desa Petaling - Desa Petaling [Non-Halal],542be112-bf93-4d27-ab24-52008e7f9ce5,31 Mar 2026 2:50 PM,31 Mar 2026 2:18 PM,GrabFood,,,Cancelled,,,,,001896066610-C74KG8JETKMHNJ,GF-487,A-95MGDCOGWROUAV,,Not Paid,Cashless,,,,,,,,,,,,,,,,,,,,,,,,,,,,,,,,,0,,,,,,,We're closed right now,Merchant,,,,,,,
Restoran Desa Steamboat,6e97a62f-49f8-429d-afed-748e2cacda7e,Restoran Desa Petaling - Desa Petaling [Non-Halal],542be112-bf93-4d27-ab24-52008e7f9ce5,31 Mar 2026 7:24 AM,31 Mar 2026 6:56 AM,GrabFood,,,Cancelled,,,,,001021834078-C74KCFAFVCAJBA,GF-248,A-95L7VG3GWCK8AV,,Not Paid,Cashless,,,,,,,,,,,,,,,,,,,,,,,,,,,,,,,,,0,,,,,,,RESTAURANT_CLOSED,FAILED,,,,,,,
Restoran Desa Steamboat,6e97a62f-49f8-429d-afed-748e2cacda7e,Restoran Desa Petaling - Desa Petaling [Non-Halal],542be112-bf93-4d27-ab24-52008e7f9ce5,30 Mar 2026 9:59 AM,30 Mar 2026 9:32 AM,GrabFood,Payment ,,Transferred,4637777846sp00000000000000000000,,,,001854762685-C74JGT3TJ4A3UE,GF-948,A-95HICXMWW3BHAV,GrabFood app & web,Auto-Paid,Cashless,,,,,,,,SMYCTUW581O5,31 Mar 2026 9:07 AM,14.7,0,0,,,,0,0,,0,0,14.7,,,,0,,,-4.45,0,0,0,0,10.25,,,,,-0.33,0,,,,,,,,,
Restoran Desa Steamboat,6e97a62f-49f8-429d-afed-748e2cacda7e,Restoran Desa Petaling - Desa Petaling [Non-Halal],542be112-bf93-4d27-ab24-52008e7f9ce5,30 Mar 2026 8:43 AM,30 Mar 2026 7:49 AM,GrabFood,Payment ,,Transferred,4637628051sp00000000000000000000,,,,001536509324-C74JFAN2E6BBN2,GF-303F,A-95H9WK7WX3CIAV,GrabFood app & web,Auto-Paid,Cashless,,,,,,,,SMYCTUW581O5,31 Mar 2026 9:07 AM,149.1,0,0,,,,-4,0,,0,0,145.1,,,,0,,,-43.88,0,0,0,0,101.22,,,,,-3.25,0,,,,,,,,,
Restoran Desa Steamboat,6e97a62f-49f8-429d-afed-748e2cacda7e,Restoran Desa Petaling - Desa Petaling [Non-Halal],542be112-bf93-4d27-ab24-52008e7f9ce5,29 Mar 2026 12:32 PM,29 Mar 2026 11:45 AM,GrabFood,Payment ,,Transferred,4635227688sp00000000000000000000,,,,001398590286-C74HLZK3T3VVCA,GF-431,A-95DQOCEGWUWSAV,GrabFood app & web,Auto-Paid,Cashless,,,,,,,,SMY0V5OZPZS2,30 Mar 2026 9:13 AM,49.6,0,0,,,,-4,0,,0,0,45.6,,,,0,,,-13.79,0,0,0,0,31.81,,,,,-1.02,0,,,,,,,,,
Restoran Desa Steamboat,6e97a62f-49f8-429d-afed-748e2cacda7e,Restoran Desa Petaling - Desa Petaling [Non-Halal],542be112-bf93-4d27-ab24-52008e7f9ce5,29 Mar 2026 11:45 AM,29 Mar 2026 11:11 AM,GrabFood,Payment ,,Transferred,4635039055sp00000000000000000000,,,,0010583081-C74HLRDAGCJ1T2,GF-458,A-95DNIR3WWC5CAV,GrabFood app & web,Auto-Paid,Cashless,,,,,,,,SMY0V5OZPZS2,30 Mar 2026 9:13 AM,57.9,0,0,,,,-4,0,,0,0,53.9,,,,0,,,-16.3,0,0,0,0,37.6,,,,,-1.21,0,,,,,,,,,
Restoran Desa Steamboat,6e97a62f-49f8-429d-afed-748e2cacda7e,Restoran Desa Petaling - Desa Petaling [Non-Halal],542be112-bf93-4d27-ab24-52008e7f9ce5,29 Mar 2026 11:06 AM,29 Mar 2026 10:22 AM,GrabFood,Payment ,,Transferred,4634919386sp00000000000000000000,,,,001196089161-C74HLCL3RYABRJ,GF-728,A-95DJ56VWXDRAAV,GrabFood app & web,Auto-Paid,Cashless,,,,,,,,SMY0V5OZPZS2,30 Mar 2026 9:13 AM,24.7,0,0,,,,0,0,,0,0,24.7,,,,0,,,-7.47,0,0,0,0,17.23,,,,,-0.55,0,,,,,,,,,
Restoran Desa Steamboat,6e97a62f-49f8-429d-afed-748e2cacda7e,Restoran Desa Petaling - Desa Petaling [Non-Halal],542be112-bf93-4d27-ab24-52008e7f9ce5,29 Mar 2026 9:37 AM,29 Mar 2026 9:01 AM,GrabFood,Payment ,,Transferred,4634743873sp00000000000000000000,,,,001370650546-C74HJ2EZTN3DJT,GF-881,A-95DBNOKGXDRAAV,GrabFood app & web,Auto-Paid,Cashless,,,,,,,,SMY0V5OZPZS2,30 Mar 2026 9:13 AM,33.96,0,0,,,,0,0,,0,0,33.96,,,,0,,,-10.27,0,0,0,0,23.69,,,,,-0.76,0,,,,,,,,,
Restoran Desa Steamboat,6e97a62f-49f8-429d-afed-748e2cacda7e,Restoran Desa Petaling - Desa Petaling [Non-Halal],542be112-bf93-4d27-ab24-52008e7f9ce5,29 Mar 2026 7:40 AM,29 Mar 2026 7:14 AM,GrabFood,Payment ,,Transferred,4634568548sp00000000000000000000,,,,001414477130-C74HHFXTE8LYGT,GF-573M,A-95DXUUCWWMHPAV,GrabFood app & web,Auto-Paid,Cashless,,,,,,,,SMY0V5OZPZS2,30 Mar 2026 9:13 AM,4,0,0,,,,0,0,,0,0,4,,,,0,,,-1.21,0,0,0,0,2.79,,,,,-0.09,0,,,,,,,,,
Restoran Desa Steamboat,6e97a62f-49f8-429d-afed-748e2cacda7e,Restoran Desa Petaling - Desa Petaling [Non-Halal],542be112-bf93-4d27-ab24-52008e7f9ce5,28 Mar 2026 2:42 PM,28 Mar 2026 2:10 PM,GrabFood,Payment ,,Transferred,4632710620sp00000000000000000000,,,,0016661600-C74GSAUVNA3UEA,GF-261,A-95A462SWX9D2AV,GrabFood app & web,Auto-Paid,Cashless,,,,,,,,SMYZQX392YWT,29 Mar 2026 7:35 AM,26.93,0,0,,,,0,0,,0,0,26.93,,,,0,,,-8.14,0,0,0,0,18.79,,,,,-0.6,0,,,,,,,,,
Restoran Desa Steamboat,6e97a62f-49f8-429d-afed-748e2cacda7e,Restoran Desa Petaling - Desa Petaling [Non-Halal],542be112-bf93-4d27-ab24-52008e7f9ce5,28 Mar 2026 12:41 PM,28 Mar 2026 11:58 AM,GrabFood,Payment ,,Transferred,4632232060sp00000000000000000000,,,,0012930754-C74GRA2KEZCUT6,GF-326,A-959O36JWWMUPAV,GrabFood app & web,Auto-Paid,Cashless,,,,,,,,SMYZQX392YWT,29 Mar 2026 7:35 AM,24.8,0,0,,,,0,0,,0,0,24.8,,,,0,,,-7.5,0,0,0,0,17.3,,,,,-0.56,0,,,,,,,,,
Restoran Desa Steamboat,6e97a62f-49f8-429d-afed-748e2cacda7e,Restoran Desa Petaling - Desa Petaling [Non-Halal],542be112-bf93-4d27-ab24-52008e7f9ce5,28 Mar 2026 12:09 PM,28 Mar 2026 11:10 AM,GrabFood,Payment ,,Transferred,4632097467sp00000000000000000000,,,,001119748017-C74GN7AZVREGC2,GF-835,A-959JLVAGXX4FAV,GrabFood app & web,Auto-Paid,Cashless,,,,,,,,SMYZQX392YWT,29 Mar 2026 7:35 AM,22.8,0,0,,,,0,0,,0,0,22.8,,,,0,,,-6.89,0,0,0,0,15.91,,,,,-0.51,0,,,,,,,,,
Restoran Desa Steamboat,6e97a62f-49f8-429d-afed-748e2cacda7e,Restoran Desa Petaling - Desa Petaling [Non-Halal],542be112-bf93-4d27-ab24-52008e7f9ce5,28 Mar 2026 11:04 AM,28 Mar 2026 10:09 AM,GrabFood,Payment ,,Transferred,4631864979sp00000000000000000000,,,,001531297702-C74GNP5XUEAKEE,GF-174,A-959E44MGXA9RAV,GrabFood app & web,Auto-Paid,Cashless,,,,,,,,SMYZQX392YWT,29 Mar 2026 7:35 AM,60.15,0,0,,,,-4,0,,0,0,56.15,,,,0,,,-16.98,0,0,0,0,39.17,,,,,-1.26,0,,,,,,,,,
Restoran Desa Steamboat,6e97a62f-49f8-429d-afed-748e2cacda7e,Restoran Desa Petaling - Desa Petaling [Non-Halal],542be112-bf93-4d27-ab24-52008e7f9ce5,28 Mar 2026 8:28 AM,28 Mar 2026 7:03 AM,GrabFood,Payment ,,Transferred,4631537135sp00000000000000000000,,,,001015571409-C74GLKTTGPJVSE,GF-468F,A-958T3W3WW3JCAV,GrabFood app & web,Auto-Paid,Cashless,,,,,,,,SMYZQX392YWT,29 Mar 2026 7:35 AM,63.9,0,0,,,,-4,0,,0,0,59.9,,,,0,,,-18.11,0,0,0,0,41.79,,,,,-1.34,0,,,,,,,,,
Restoran Desa Steamboat,6e97a62f-49f8-429d-afed-748e2cacda7e,Restoran Desa Petaling - Desa Petaling [Non-Halal],542be112-bf93-4d27-ab24-52008e7f9ce5,28 Mar 2026 8:21 AM,28 Mar 2026 7:27 AM,GrabFood,Payment ,,Transferred,4631529162sp00000000000000000000,,,,001499107205-C74GLTB1JUUDNT,GF-987,A-958V8LRWX8KEAV,GrabFood app & web,Auto-Paid,Cashless,,,,,,,,SMYZQX392YWT,29 Mar 2026 7:35 AM,27.7,0,0,,,,0,0,,0,0,27.7,,,,0,,,-8.38,0,0,0,0,19.32,,,,,-0.62,0,,,,,,,,,
Restoran Desa Steamboat,6e97a62f-49f8-429d-afed-748e2cacda7e,Restoran Desa Petaling - Desa Petaling [Non-Halal],542be112-bf93-4d27-ab24-52008e7f9ce5,27 Mar 2026 12:31 PM,27 Mar 2026 11:57 AM,GrabFood,Payment ,,Transferred,4629070476sp00000000000000000000,,,,001831775-C74FTRCER33GT2,GF-829,A-955K59SWWUNIAV,GrabFood app & web,Auto-Paid,Cashless,,,,,,,,SMYJNXB44ZCV,28 Mar 2026 9:02 AM,13.5,0,0,,,,0,0,,0,0,13.5,,,,0,,,-4.08,0,0,0,0,9.42,,,,,-0.3,0,,,,,,,,,
Restoran Desa Steamboat,6e97a62f-49f8-429d-afed-748e2cacda7e,Restoran Desa Petaling - Desa Petaling [Non-Halal],542be112-bf93-4d27-ab24-52008e7f9ce5,27 Mar 2026 12:17 PM,27 Mar 2026 11:36 AM,GrabFood,Payment ,,Transferred,4629003635sp00000000000000000000,,,,00104299443-C74FTKNVJ6KYCJ,GF-678,A-955I854GWJL3AV,GrabFood app & web,Auto-Paid,Cashless,,,,,,,,SMYJNXB44ZCV,28 Mar 2026 9:02 AM,20.7,0,0,,,,0,0,,0,0,20.7,,,,0,,,-6.26,0,0,0,0,14.44,,,,,-0.46,0,,,,,,,,,
Restoran Desa Steamboat,6e97a62f-49f8-429d-afed-748e2cacda7e,Restoran Desa Petaling - Desa Petaling [Non-Halal],542be112-bf93-4d27-ab24-52008e7f9ce5,27 Mar 2026 11:05 AM,27 Mar 2026 10:25 AM,GrabFood,Payment ,,Transferred,4628710251sp00000000000000000000,,,,001642437692-C74FSA21FFTXT2,GF-403,A-955BND4GW72IAV,GrabFood app & web,Auto-Paid,Cashless,,,,,,,,SMYJNXB44ZCV,28 Mar 2026 9:02 AM,27.6,0,0,,,,0,0,,0,0,27.6,,,,0,,,-8.35,0,0,0,0,19.25,,,,,-0.62,0,,,,,,,,,
Restoran Desa Steamboat,6e97a62f-49f8-429d-afed-748e2cacda7e,Restoran Desa Petaling - Desa Petaling [Non-Halal],542be112-bf93-4d27-ab24-52008e7f9ce5,27 Mar 2026 7:39 AM,27 Mar 2026 6:48 AM,GrabFood,Payment ,,Transferred,4628309958sp00000000000000000000,,,,001775324699-C74FNXXBFFNVCN,GF-943,A-954NQSBWXFV7AV,GrabFood app & web,Auto-Paid,Cashless,,,,,,,,SMYJNXB44ZCV,28 Mar 2026 9:02 AM,26.5,0,0,,,,0,0,,0,0,26.5,,,,0,,,-8.01,0,0,0,0,18.49,,,,,-0.59,0,,,,,,,,,
Restoran Desa Steamboat,6e97a62f-49f8-429d-afed-748e2cacda7e,Restoran Desa Petaling - Desa Petaling [Non-Halal],542be112-bf93-4d27-ab24-52008e7f9ce5,26 Mar 2026 1:44 PM,26 Mar 2026 1:03 PM,GrabFood,Payment ,,Transferred,4626274936sp00000000000000000000,,,,001171230189-C74FAE6VAU5ENJ,GF-306,A-95XMB9FG32TAAV,GrabFood app & web,Auto-Paid,Cashless,,,,,,,,SMYQTJSQG2DG,27 Mar 2026 9:01 AM,37.26,0,0,,,,0,0,,0,0,37.26,,,,0,,,-11.27,0,0,0,0,25.99,,,,,-0.83,0,,,,,,,,,
Restoran Desa Steamboat,6e97a62f-49f8-429d-afed-748e2cacda7e,Restoran Desa Petaling - Desa Petaling [Non-Halal],542be112-bf93-4d27-ab24-52008e7f9ce5,26 Mar 2026 11:22 AM,26 Mar 2026 10:45 AM,GrabFood,Payment ,,Transferred,4625637139sp00000000000000000000,,,,001973181508-C74EVNLGRJ6FGX,GF-993M,A-95X9OM8G37K5AV,GrabFood app & web,Auto-Paid,Cashless,,,,,,,,SMYQTJSQG2DG,27 Mar 2026 9:01 AM,4.8,0,0,,,,0,0,,0,0,4.8,,,,0,,,-1.45,0,0,0,0,3.35,,,,,-0.11,0,,,,,,,,,
Restoran Desa Steamboat,6e97a62f-49f8-429d-afed-748e2cacda7e,Restoran Desa Petaling - Desa Petaling [Non-Halal],542be112-bf93-4d27-ab24-52008e7f9ce5,26 Mar 2026 10:27 AM,26 Mar 2026 9:47 AM,GrabFood,Payment ,,Transferred,4625493565sp00000000000000000000,,,,001395174354-C74EUFUCVEM1R6,GF-890,A-95X4CK4GWDJOAV,GrabFood app & web,Auto-Paid,Cashless,,,,,,,,SMYQTJSQG2DG,27 Mar 2026 9:01 AM,24.7,0,0,,,,0,0,,0,0,24.7,,,,0,,,-7.47,0,0,0,0,17.23,,,,,-0.55,0,,,,,,,,,
Restoran Desa Steamboat,6e97a62f-49f8-429d-afed-748e2cacda7e,Restoran Desa Petaling - Desa Petaling [Non-Halal],542be112-bf93-4d27-ab24-52008e7f9ce5,26 Mar 2026 9:06 AM,26 Mar 2026 7:50 AM,GrabFood,Payment ,,Transferred,4625320331sp00000000000000000000,,,,001895591372-C74ETKVUAYUBLA,GF-495F,A-95WPO6KWX862AV,GrabFood app & web,Auto-Paid,Cashless,,,,,,,,SMYQTJSQG2DG,27 Mar 2026 9:01 AM,85.4,0,0,,,,-4,0,,0,0,81.4,,,,0,,,-24.61,0,0,0,0,56.79,,,,,-1.82,0,,,,,,,,,
Restoran Desa Steamboat,6e97a62f-49f8-429d-afed-748e2cacda7e,Restoran Desa Petaling - Desa Petaling [Non-Halal],542be112-bf93-4d27-ab24-52008e7f9ce5,26 Mar 2026 8:05 AM,26 Mar 2026 7:35 AM,GrabFood,Payment ,,Transferred,4625237320sp00000000000000000000,,,,001355526155-C74ETF43N8CURE,GF-319,A-95WOCLRWWAN6AV,GrabFood app & web,Auto-Paid,Cashless,,,,,,,,SMYQTJSQG2DG,27 Mar 2026 9:01 AM,18.3,0,0,,,,0,0,,0,0,18.3,,,,0,,,-5.53,0,0,0,0,12.77,,,,,-0.41,0,,,,,,,,,
Restoran Desa Steamboat,6e97a62f-49f8-429d-afed-748e2cacda7e,Restoran Desa Petaling - Desa Petaling [Non-Halal],542be112-bf93-4d27-ab24-52008e7f9ce5,26 Mar 2026 7:48 AM,26 Mar 2026 6:57 AM,GrabFood,Payment ,,Transferred,4625220507sp00000000000000000000,,,,00107315236-C74ESFCZNKXBAT,GF-166,A-95WKS7NWX7K5AV,GrabFood app & web,Auto-Paid,Cashless,,,,,,,,SMYQTJSQG2DG,27 Mar 2026 9:01 AM,27.65,0,0,,,,0,0,,0,0,27.65,,,,0,,,-8.36,0,0,0,0,19.29,,,,,-0.62,0,,,,,,,,,
Restoran Desa Steamboat,6e97a62f-49f8-429d-afed-748e2cacda7e,Restoran Desa Petaling - Desa Petaling [Non-Halal],542be112-bf93-4d27-ab24-52008e7f9ce5,25 Mar 2026 12:33 PM,25 Mar 2026 11:32 AM,GrabFood,Payment ,,Transferred,4622992250sp00000000000000000000,,,,001123066837-C74EBFK2TJNJLX,GF-155,A-94TA68OWWGRXAV,GrabFood app & web,Auto-Paid,Cashless,,,,,,,,SMYBN81XSUEV,26 Mar 2026 9:06 AM,23.1,0,0,,,,0,0,,0,0,23.1,,,,0,,,-6.99,0,0,0,0,16.11,,,,,-0.52,0,,,,,,,,,
Restoran Desa Steamboat,6e97a62f-49f8-429d-afed-748e2cacda7e,Restoran Desa Petaling - Desa Petaling [Non-Halal],542be112-bf93-4d27-ab24-52008e7f9ce5,25 Mar 2026 11:59 AM,25 Mar 2026 11:21 AM,GrabFood,Payment ,,Transferred,4622849082sp00000000000000000000,,,,001037932546-C74EBCJXA3EUJE,GF-948,A-94T97OIGWJAEAV,GrabFood app & web,Auto-Paid,Cashless,,,,,,,,SMYBN81XSUEV,26 Mar 2026 9:06 AM,22.8,0,0,,,,0,0,,0,0,22.8,,,,0,,,-6.89,0,0,0,0,15.91,,,,,-0.51,0,,,,,,,,,
Restoran Desa Steamboat,6e97a62f-49f8-429d-afed-748e2cacda7e,Restoran Desa Petaling - Desa Petaling [Non-Halal],542be112-bf93-4d27-ab24-52008e7f9ce5,25 Mar 2026 7:37 AM,25 Mar 2026 6:55 AM,GrabFood,Payment ,,Transferred,4622292849sp00000000000000000000,,,,001816072-C74DVLLFJPBTAJ,GF-313,A-94SGSXIGWJ3DAV,GrabFood app & web,Auto-Paid,Cashless,,,,,,,,SMYBN81XSUEV,26 Mar 2026 9:06 AM,47.4,0,0,,,,-4,0,,0,0,43.4,,,,0,,,-13.12,0,0,0,0,30.28,,,,,-0.97,0,,,,,,,,,
Restoran Desa Steamboat,6e97a62f-49f8-429d-afed-748e2cacda7e,Restoran Desa Petaling - Desa Petaling [Non-Halal],542be112-bf93-4d27-ab24-52008e7f9ce5,25 Mar 2026 7:23 AM,25 Mar 2026 6:53 AM,GrabFood,Payment ,,Transferred,4622284317sp00000000000000000000,,,,00130595926-C74DVLBTBAJ1JE,GF-904,A-94SGMDDGWFQEAV,GrabFood app & web,Auto-Paid,Cashless,,,,,,,,SMYBN81XSUEV,26 Mar 2026 9:06 AM,23.7,0,0,,,,0,0,,0,0,23.7,,,,0,,,-7.17,0,0,0,0,16.53,,,,,-0.53,0,,,,,,,,,
Restoran Desa Steamboat,6e97a62f-49f8-429d-afed-748e2cacda7e,Restoran Desa Petaling - Desa Petaling [Non-Halal],542be112-bf93-4d27-ab24-52008e7f9ce5,23 Mar 2026 7:30 AM,23 Mar 2026 7:00 AM,GrabFood,Payment ,,Transferred,4617763177sp00000000000000000000,,,,0015873466-C74CEBCKRJVUFE,GF-042,A-94K9LDXWXWQXAV,GrabFood app & web,Auto-Paid,Cashless,,,,,,,,SMYX6R29FPMD,24 Mar 2026 9:03 AM,38.25,0,0,,,,-4,0,,0,0,34.25,,,,0,,,-10.36,0,0,0,0,23.89,,,,,-0.77,0,,,,,,,,,
Restoran Desa Steamboat,6e97a62f-49f8-429d-afed-748e2cacda7e,Restoran Desa Petaling - Desa Petaling [Non-Halal],542be112-bf93-4d27-ab24-52008e7f9ce5,22 Mar 2026 1:10 PM,22 Mar 2026 12:48 PM,GrabFood,Payment ,,Transferred,4616501127sp00000000000000000000,,,,001457664353-C74BLVJZL6TAV6,GF-425M,A-94H5LHHGXW9DAV,GrabFood app & web,Auto-Paid,Cashless,,,,,,,,SMYYEB4VA6KR,23 Mar 2026 8:58 AM,16.6,0,0,,,,0,0,,0,0,16.6,,,,0,,,-5.02,0,0,0,0,11.58,,,,,-0.37,0,,,,,,,,,
Restoran Desa Steamboat,6e97a62f-49f8-429d-afed-748e2cacda7e,Restoran Desa Petaling - Desa Petaling [Non-Halal],542be112-bf93-4d27-ab24-52008e7f9ce5,22 Mar 2026 10:29 AM,22 Mar 2026 10:07 AM,GrabFood,Payment ,,Transferred,4616221801sp00000000000000000000,,,,0017640493-C74BJXWFV6DBTA,GF-222M,A-94GMUAFWXFQSAV,GrabFood app & web,Auto-Paid,Cashless,,,,,,,,SMYYEB4VA6KR,23 Mar 2026 8:58 AM,4.8,0,0,,,,0,0,,0,0,4.8,,,,0,,,-1.45,0,0,0,0,3.35,,,,,-0.11,0,,,,,,,,,
Restoran Desa Steamboat,6e97a62f-49f8-429d-afed-748e2cacda7e,Restoran Desa Petaling - Desa Petaling [Non-Halal],542be112-bf93-4d27-ab24-52008e7f9ce5,21 Mar 2026 2:34 PM,21 Mar 2026 2:34 PM,GrabFood,Adjustment ,Deduction - Eater Compensation,Transferred,4615195790sp00000000000000000000,4615045296sp00000000000000000000,,,0014594793-C74AN2MADGAGA2,GF-516,A-94CU7NLGW5BCAV,,Auto-Chargeback,Cashless,,,,,,,,SMYEMNL486IS,22 Mar 2026 8:55 AM,-9.75,,,,,,,,,,,,,,,,,,,,,,,-9.75,,,,,,,,,,Caj balik kerana insiden pelanggan pada 21-03-2026*,Missing- or wrong items,Wrong item(s),Steam Chicken 3Combo Rice,https://help.grab.com/merchant/en-my/4408013944729?order_id=0014594793-C74AN2MADGAGA2&merchant_type=GrabFood&mex_id=1-C2W2T4MUJZM2TN&pax_incident_id=CAS-100053890477,appeal before April-20
Restoran Desa Steamboat,6e97a62f-49f8-429d-afed-748e2cacda7e,Restoran Desa Petaling - Desa Petaling [Non-Halal],542be112-bf93-4d27-ab24-52008e7f9ce5,21 Mar 2026 1:26 PM,21 Mar 2026 11:59 AM,GrabFood,Payment ,,Transferred,4615094105sp00000000000000000000,,,,0012441715-C74ANYLUMCAYT6,GF-805,A-94CTAWNGWXP8AV,GrabFood app & web,Auto-Paid,Cashless,,,,,,,,SMYEMNL486IS,22 Mar 2026 8:55 AM,43.46,0,0,,,,-4,0,,0,0,39.46,,,,0,,,-11.93,0,0,0,0,27.53,,,,,-0.88,0,,,,,,,,,
Restoran Desa Steamboat,6e97a62f-49f8-429d-afed-748e2cacda7e,Restoran Desa Petaling - Desa Petaling [Non-Halal],542be112-bf93-4d27-ab24-52008e7f9ce5,21 Mar 2026 1:20 PM,21 Mar 2026 11:20 AM,GrabFood,Payment ,,Transferred,4615085068sp00000000000000000000,,,,00106581293-C74ANNVTGXCJHE,GF-624,A-94CPPLWWX5NEAV,GrabFood app & web,Auto-Paid,Cashless,,,,,,,,SMYEMNL486IS,22 Mar 2026 8:55 AM,23.1,0,0,,,,0,0,,0,0,23.1,,,,0,,,-6.99,0,0,0,0,16.11,,,,,-0.52,0,,,,,,,,,
Restoran Desa Steamboat,6e97a62f-49f8-429d-afed-748e2cacda7e,Restoran Desa Petaling - Desa Petaling [Non-Halal],542be112-bf93-4d27-ab24-52008e7f9ce5,21 Mar 2026 1:16 PM,21 Mar 2026 11:44 AM,GrabFood,Payment ,,Transferred,4615079257sp00000000000000000000,,,,001984205389-C74ANUWDJEA2JA,GF-528,A-94CRUKTWWDBLAV,GrabFood app & web,Auto-Paid,Cashless,,,,,,,,SMYEMNL486IS,22 Mar 2026 8:55 AM,31.63,0,0,,,,0,0,,0,0,31.63,,,,0,,,-9.56,0,0,0,0,22.07,,,,,-0.71,0,,,,,,,,,
Restoran Desa Steamboat,6e97a62f-49f8-429d-afed-748e2cacda7e,Restoran Desa Petaling - Desa Petaling [Non-Halal],542be112-bf93-4d27-ab24-52008e7f9ce5,21 Mar 2026 1:10 PM,21 Mar 2026 11:40 AM,GrabFood,Payment ,,Transferred,4615069553sp00000000000000000000,,,,001800556140-C74ANUB3KB6UL2,GF-257,A-94CRJNXWWDBLAV,GrabFood app & web,Auto-Paid,Cashless,,,,,,,,SMYEMNL486IS,22 Mar 2026 8:55 AM,18,0,0,,,,0,0,,0,0,18,,,,0,,,-5.44,0,0,0,0,12.56,,,,,-0.4,0,,,,,,,,,
Restoran Desa Steamboat,6e97a62f-49f8-429d-afed-748e2cacda7e,Restoran Desa Petaling - Desa Petaling [Non-Halal],542be112-bf93-4d27-ab24-52008e7f9ce5,21 Mar 2026 1:00 PM,21 Mar 2026 11:52 AM,GrabFood,Payment ,,Transferred,4615054079sp00000000000000000000,,,,001596980094-C74ANXKAVX6KGA,GF-958,A-94CSKVSGX5NEAV,GrabFood app & web,Auto-Paid,Cashless,,,,,,,,SMYEMNL486IS,22 Mar 2026 8:55 AM,44.4,0,0,,,,-4,0,,0,0,40.4,,,,0,,,-12.22,0,0,0,0,28.18,,,,,-0.91,0,,,,,,,,,
Restoran Desa Steamboat,6e97a62f-49f8-429d-afed-748e2cacda7e,Restoran Desa Petaling - Desa Petaling [Non-Halal],542be112-bf93-4d27-ab24-52008e7f9ce5,21 Mar 2026 12:56 PM,21 Mar 2026 10:59 AM,GrabFood,Payment ,,Transferred,4615047626sp00000000000000000000,,,,001832694728-C74ANGNGVFEYUE,GF-071,A-94CNRUTGWXP8AV,GrabFood app & web,Auto-Paid,Cashless,,,,,,,,SMYEMNL486IS,22 Mar 2026 8:55 AM,44.8,0,0,,,,-4,0,,0,0,40.8,,,,0,,,-12.34,0,0,0,0,28.46,,,,,-0.91,0,,,,,,,,,
Restoran Desa Steamboat,6e97a62f-49f8-429d-afed-748e2cacda7e,Restoran Desa Petaling - Desa Petaling [Non-Halal],542be112-bf93-4d27-ab24-52008e7f9ce5,21 Mar 2026 12:54 PM,21 Mar 2026 12:09 PM,GrabFood,Payment ,,Transferred,4615045296sp00000000000000000000,4615195790sp00000000000000000000,,,0014594793-C74AN2MADGAGA2,GF-516,A-94CU7NLGW5BCAV,GrabFood app & web,Auto-Paid,Cashless,,,,,,,,SMYEMNL486IS,22 Mar 2026 8:55 AM,51.25,0,0,,,,-4,0,,0,0,47.25,,,,0,,,-14.29,0,0,0,0,32.96,,,,,-1.06,0,,,,,,,,,
Restoran Desa Steamboat,6e97a62f-49f8-429d-afed-748e2cacda7e,Restoran Desa Petaling - Desa Petaling [Non-Halal],542be112-bf93-4d27-ab24-52008e7f9ce5,21 Mar 2026 12:52 PM,21 Mar 2026 12:21 PM,GrabFood,Payment ,,Transferred,4615042349sp00000000000000000000,,,,001490468503-C74AN4DTMGL3N2,GF-286,A-94CVADOWWSP8AV,GrabFood app & web,Auto-Paid,Cashless,,,,,,,,SMYEMNL486IS,22 Mar 2026 8:55 AM,21.46,0,0,,,,0,0,,0,0,21.46,,,,0,,,-6.49,0,0,0,0,14.97,,,,,-0.48,0,,,,,,,,,
Restoran Desa Steamboat,6e97a62f-49f8-429d-afed-748e2cacda7e,Restoran Desa Petaling - Desa Petaling [Non-Halal],542be112-bf93-4d27-ab24-52008e7f9ce5,21 Mar 2026 12:23 PM,21 Mar 2026 11:39 AM,GrabFood,Payment ,,Transferred,4614998163sp00000000000000000000,,,,00148134836-C74ANT5FC2BUE6,GF-386,A-94CRG3WGWLEQAV,GrabFood app & web,Auto-Paid,Cashless,,,,,,,,SMYEMNL486IS,22 Mar 2026 8:55 AM,35.5,0,0,,,,0,0,,0,0,35.5,,,,0,,,-10.74,0,0,0,0,24.76,,,,,-0.8,0,,,,,,,,,
Restoran Desa Steamboat,6e97a62f-49f8-429d-afed-748e2cacda7e,Restoran Desa Petaling - Desa Petaling [Non-Halal],542be112-bf93-4d27-ab24-52008e7f9ce5,21 Mar 2026 12:15 PM,21 Mar 2026 11:38 AM,GrabFood,Payment ,,Transferred,4614985419sp00000000000000000000,,,,0019594795-C74ANTXUEU3FT6,GF-934,A-94CRCFFWWBFRAV,GrabFood app & web,Auto-Paid,Cashless,,,,,,,,SMYEMNL486IS,22 Mar 2026 8:55 AM,37.6,0,0,,,,0,0,,0,0,37.6,,,,0,,,-11.37,0,0,0,0,26.23,,,,,-0.84,0,,,,,,,,,
Restoran Desa Steamboat,6e97a62f-49f8-429d-afed-748e2cacda7e,Restoran Desa Petaling - Desa Petaling [Non-Halal],542be112-bf93-4d27-ab24-52008e7f9ce5,21 Mar 2026 11:37 AM,21 Mar 2026 11:11 AM,GrabFood,Payment ,,Transferred,4614923019sp00000000000000000000,,,,00193974902-C74ANK2UEB3ACJ,GF-384,A-94COVALGWJFWAV,GrabFood app & web,Auto-Paid,Cashless,,,,,,,,SMYEMNL486IS,22 Mar 2026 8:55 AM,59.6,0,0,,,,-4,0,,0,0,55.6,,,,0,,,-16.81,0,0,0,0,38.79,,,,,-1.25,0,,,,,,,,,
Restoran Desa Steamboat,6e97a62f-49f8-429d-afed-748e2cacda7e,Restoran Desa Petaling - Desa Petaling [Non-Halal],542be112-bf93-4d27-ab24-52008e7f9ce5,21 Mar 2026 11:28 AM,21 Mar 2026 10:41 AM,GrabFood,Payment ,,Transferred,4614909682sp00000000000000000000,,,,001893608732-C74ANCEVEJXKVT,GF-204,A-94CM6GDGWHG8AV,GrabFood app & web,Auto-Paid,Cashless,,,,,,,,SMYEMNL486IS,22 Mar 2026 8:55 AM,25.3,0,0,,,,0,0,,0,0,25.3,,,,0,,,-7.65,0,0,0,0,17.65,,,,,-0.57,0,,,,,,,,,
Restoran Desa Steamboat,6e97a62f-49f8-429d-afed-748e2cacda7e,Restoran Desa Petaling - Desa Petaling [Non-Halal],542be112-bf93-4d27-ab24-52008e7f9ce5,21 Mar 2026 11:22 AM,21 Mar 2026 10:18 AM,GrabFood,Payment ,,Transferred,4614901160sp00000000000000000000,,,,0012063836-C74AMFEFAUT1RA,GF-136,A-94CKXPMWWFUJAV,GrabFood app & web,Auto-Paid,Cashless,,,,,,,,SMYEMNL486IS,22 Mar 2026 8:55 AM,20.7,0,0,,,,0,0,,0,0,20.7,,,,0,,,-6.26,0,0,0,0,14.44,,,,,-0.46,0,,,,,,,,,
Restoran Desa Steamboat,6e97a62f-49f8-429d-afed-748e2cacda7e,Restoran Desa Petaling - Desa Petaling [Non-Halal],542be112-bf93-4d27-ab24-52008e7f9ce5,21 Mar 2026 11:20 AM,21 Mar 2026 10:01 AM,GrabFood,Payment ,,Transferred,4614897924sp00000000000000000000,,,,0010982828-C74AMBEXCRN2NN,GF-383,A-94CIHDEGWBFRAV,GrabFood app & web,Auto-Paid,Cashless,,,,,,,,SMYEMNL486IS,22 Mar 2026 8:55 AM,51,0,0,,,,-4,0,,0,0,47,,,,0,,,-14.21,0,0,0,0,32.79,,,,,-1.05,0,,,,,,,,,
Restoran Desa Steamboat,6e97a62f-49f8-429d-afed-748e2cacda7e,Restoran Desa Petaling - Desa Petaling [Non-Halal],542be112-bf93-4d27-ab24-52008e7f9ce5,21 Mar 2026 11:12 AM,21 Mar 2026 10:19 AM,GrabFood,Payment ,,Transferred,4614889198sp00000000000000000000,,,,001933283010-C74AMFNUDFDGWE,GF-030,A-94CK6VJWWBFRAV,GrabFood app & web,Auto-Paid,Cashless,,,,,,,,SMYEMNL486IS,22 Mar 2026 8:55 AM,20.3,0,0,,,,0,0,,0,0,20.3,,,,0,,,-6.14,0,0,0,0,14.16,,,,,-0.45,0,,,,,,,,,
Restoran Desa Steamboat,6e97a62f-49f8-429d-afed-748e2cacda7e,Restoran Desa Petaling - Desa Petaling [Non-Halal],542be112-bf93-4d27-ab24-52008e7f9ce5,21 Mar 2026 11:07 AM,21 Mar 2026 10:20 AM,GrabFood,Payment ,,Transferred,4614883847sp00000000000000000000,,,,001867320972-C74AMFUHLKJZGX,GF-778,A-94CK8OEWXD8SAV,GrabFood app & web,Auto-Paid,Cashless,,,,,,,,SMYEMNL486IS,22 Mar 2026 8:55 AM,18,0,0,,,,0,0,,0,0,18,,,,0,,,-5.44,0,0,0,0,12.56,,,,,-0.4,0,,,,,,,,,
Restoran Desa Steamboat,6e97a62f-49f8-429d-afed-748e2cacda7e,Restoran Desa Petaling - Desa Petaling [Non-Halal],542be112-bf93-4d27-ab24-52008e7f9ce5,21 Mar 2026 10:50 AM,21 Mar 2026 9:47 AM,GrabFood,Payment ,,Transferred,4614866951sp00000000000000000000,,,,001482534255-C74AL7WJE7JJCA,GF-526,A-94CH92VGWQF7AV,GrabFood app & web,Auto-Paid,Cashless,,,,,,,,SMYEMNL486IS,22 Mar 2026 8:55 AM,21.4,0,0,,,,0,0,,0,0,21.4,,,,0,,,-6.47,0,0,0,0,14.93,,,,,-0.48,0,,,,,,,,,
Restoran Desa Steamboat,6e97a62f-49f8-429d-afed-748e2cacda7e,Restoran Desa Petaling - Desa Petaling [Non-Halal],542be112-bf93-4d27-ab24-52008e7f9ce5,21 Mar 2026 10:36 AM,21 Mar 2026 9:32 AM,GrabFood,Payment ,,Transferred,4614853556sp00000000000000000000,,,,00150847847-C74AL33AVAXVGE,GF-100,A-94CFQQNGWUNBAV,GrabFood app & web,Auto-Paid,Cashless,,,,,,,,SMYEMNL486IS,22 Mar 2026 8:55 AM,20.7,0,0,,,,0,0,,0,0,20.7,,,,0,,,-6.26,0,0,0,0,14.44,,,,,-0.46,0,,,,,,,,,
Restoran Desa Steamboat,6e97a62f-49f8-429d-afed-748e2cacda7e,Restoran Desa Petaling - Desa Petaling [Non-Halal],542be112-bf93-4d27-ab24-52008e7f9ce5,21 Mar 2026 10:12 AM,21 Mar 2026 9:43 AM,GrabFood,Payment ,,Transferred,4614831496sp00000000000000000000,,,,001206025073-C74AL66GA7CTVJ,GF-873,A-94CGRA3GWHBVAV,GrabFood app & web,Auto-Paid,Cashless,,,,,,,,SMYEMNL486IS,22 Mar 2026 8:55 AM,27.3,0,0,,,,0,0,,0,0,27.3,,,,0,,,-8.26,0,0,0,0,19.04,,,,,-0.61,0,,,,,,,,,
Restoran Desa Steamboat,6e97a62f-49f8-429d-afed-748e2cacda7e,Restoran Desa Petaling - Desa Petaling [Non-Halal],542be112-bf93-4d27-ab24-52008e7f9ce5,21 Mar 2026 10:08 AM,21 Mar 2026 8:52 AM,GrabFood,Payment ,,Transferred,4614827098sp00000000000000000000,,,,00185133837-C74ALT5YJPVEA6,GF-947,A-94CC89TGWWEFAV,GrabFood app & web,Auto-Paid,Cashless,,,,,,,,SMYEMNL486IS,22 Mar 2026 8:55 AM,31,0,0,,,,0,0,,0,0,31,,,,0,,,-9.37,0,0,0,0,21.63,,,,,-0.69,0,,,,,,,,,
Restoran Desa Steamboat,6e97a62f-49f8-429d-afed-748e2cacda7e,Restoran Desa Petaling - Desa Petaling [Non-Halal],542be112-bf93-4d27-ab24-52008e7f9ce5,21 Mar 2026 9:37 AM,21 Mar 2026 7:59 AM,GrabFood,Payment ,,Transferred,4614784942sp00000000000000000000,,,,00112621771-C74ALENTMFC1BA,GF-428,A-94C7CPLGWJFWAV,GrabFood app & web,Auto-Paid,Cashless,,,,,,,,SMYEMNL486IS,22 Mar 2026 8:55 AM,47.7,0,0,,,,-4,0,,0,0,43.7,,,,0,,,-13.21,0,0,0,0,30.49,,,,,-0.98,0,,,,,,,,,
Restoran Desa Steamboat,6e97a62f-49f8-429d-afed-748e2cacda7e,Restoran Desa Petaling - Desa Petaling [Non-Halal],542be112-bf93-4d27-ab24-52008e7f9ce5,21 Mar 2026 9:36 AM,21 Mar 2026 7:38 AM,GrabFood,Payment ,,Transferred,4614783764sp00000000000000000000,,,,0011988550-C74AKGKFRK6UC6,GF-193,A-94C5FX8GW56GAV,GrabFood app & web,Auto-Paid,Cashless,,,,,,,,SMYEMNL486IS,22 Mar 2026 8:55 AM,54.4,0,0,,,,-4,0,,0,0,50.4,,,,0,,,-15.24,0,0,0,0,35.16,,,,,-1.13,0,,,,,,,,,
Restoran Desa Steamboat,6e97a62f-49f8-429d-afed-748e2cacda7e,Restoran Desa Petaling - Desa Petaling [Non-Halal],542be112-bf93-4d27-ab24-52008e7f9ce5,21 Mar 2026 9:31 AM,21 Mar 2026 7:55 AM,GrabFood,Payment ,,Transferred,4614778872sp00000000000000000000,,,,001695790044-C74ALCLKN6DVR6,GF-682,A-94C7XX7WWOQCAV,GrabFood app & web,Auto-Paid,Cashless,,,,,,,,SMYEMNL486IS,22 Mar 2026 8:55 AM,87.45,0,0,,,,-4,0,,0,0,83.45,,,,0,,,-25.23,0,0,0,0,58.22,,,,,-1.87,0,,,,,,,,,
Restoran Desa Steamboat,6e97a62f-49f8-429d-afed-748e2cacda7e,Restoran Desa Petaling - Desa Petaling [Non-Halal],542be112-bf93-4d27-ab24-52008e7f9ce5,21 Mar 2026 9:27 AM,21 Mar 2026 7:24 AM,GrabFood,Payment ,,Transferred,4614775855sp00000000000000000000,,,,0013713759-C74AKEEUFCKJDA,GF-623,A-94C46OGWXXR8AV,GrabFood app & web,Auto-Paid,Cashless,,,,,,,,SMYEMNL486IS,22 Mar 2026 8:55 AM,38.43,0,0,,,,0,0,,0,0,38.43,,,,0,,,-11.62,0,0,0,0,26.81,,,,,-0.86,0,,,,,,,,,
Restoran Desa Steamboat,6e97a62f-49f8-429d-afed-748e2cacda7e,Restoran Desa Petaling - Desa Petaling [Non-Halal],542be112-bf93-4d27-ab24-52008e7f9ce5,21 Mar 2026 9:26 AM,21 Mar 2026 8:08 AM,GrabFood,Payment ,,Transferred,4614774208sp00000000000000000000,,,,001905752961-C74ALFX1HCAKJE,GF-792,A-94C85HGGWSP8AV,GrabFood app & web,Auto-Paid,Cashless,,,,,,,,SMYEMNL486IS,22 Mar 2026 8:55 AM,4.8,0,0,,,,0,0,,0,0,4.8,,,,0,,,-1.45,0,0,0,0,3.35,,,,,-0.11,0,,,,,,,,,
Restoran Desa Steamboat,6e97a62f-49f8-429d-afed-748e2cacda7e,Restoran Desa Petaling - Desa Petaling [Non-Halal],542be112-bf93-4d27-ab24-52008e7f9ce5,21 Mar 2026 9:21 AM,21 Mar 2026 8:20 AM,GrabFood,Payment ,,Transferred,4614771129sp00000000000000000000,,,,001036310-C74ALKBVDFN1J2,GF-359,A-94C99DJGWJFWAV,GrabFood app & web,Auto-Paid,Cashless,,,,,,,,SMYEMNL486IS,22 Mar 2026 8:55 AM,21.7,0,0,,,,0,0,,0,0,21.7,,,,0,,,-6.56,0,0,0,0,15.14,,,,,-0.49,0,,,,,,,,,
Restoran Desa Steamboat,6e97a62f-49f8-429d-afed-748e2cacda7e,Restoran Desa Petaling - Desa Petaling [Non-Halal],542be112-bf93-4d27-ab24-52008e7f9ce5,21 Mar 2026 9:19 AM,21 Mar 2026 8:11 AM,GrabFood,Payment ,,Transferred,4614769009sp00000000000000000000,,,,00146647604-C74ALGJHGFKAPE,GF-642,A-94C8FPHWX9OMAV,GrabFood app & web,Auto-Paid,Cashless,,,,,,,,SMYEMNL486IS,22 Mar 2026 8:55 AM,50.4,0,0,,,,-4,0,,0,0,46.4,,,,0,,,-14.03,0,0,0,0,32.37,,,,,-1.04,0,,,,,,,,,
Restoran Desa Steamboat,6e97a62f-49f8-429d-afed-748e2cacda7e,Restoran Desa Petaling - Desa Petaling [Non-Halal],542be112-bf93-4d27-ab24-52008e7f9ce5,21 Mar 2026 8:58 AM,21 Mar 2026 7:45 AM,GrabFood,Payment ,,Transferred,4614752952sp00000000000000000000,,,,001039308109-C74ALA2DFCNWC2,GF-229,A-94C6XF6WWOQCAV,GrabFood app & web,Auto-Paid,Cashless,,,,,,,,SMYEMNL486IS,22 Mar 2026 8:55 AM,19.45,0,0,,,,0,0,,0,0,19.45,,,,0,,,-5.88,0,0,0,0,13.57,,,,,-0.44,0,,,,,,,,,
Restoran Desa Steamboat,6e97a62f-49f8-429d-afed-748e2cacda7e,Restoran Desa Petaling - Desa Petaling [Non-Halal],542be112-bf93-4d27-ab24-52008e7f9ce5,21 Mar 2026 8:01 AM,21 Mar 2026 7:11 AM,GrabFood,Payment ,,Transferred,4614722279sp00000000000000000000,,,,00181781142-C74AKA2ZRNEVLN,GF-424,A-94C3WF6GWWEFAV,GrabFood app & web,Auto-Paid,Cashless,,,,,,,,SMYEMNL486IS,22 Mar 2026 8:55 AM,24.7,0,0,,,,0,0,,0,0,24.7,,,,0,,,-7.47,0,0,0,0,17.23,,,,,-0.55,0,,,,,,,,,
Restoran Desa Steamboat,6e97a62f-49f8-429d-afed-748e2cacda7e,Restoran Desa Petaling - Desa Petaling [Non-Halal],542be112-bf93-4d27-ab24-52008e7f9ce5,21 Mar 2026 7:58 AM,21 Mar 2026 7:14 AM,GrabFood,Payment ,,Transferred,4614721184sp00000000000000000000,,,,001192420567-C74AKBEKAFWJT6,GF-703,A-94C38SDGWJFWAV,GrabFood app & web,Auto-Paid,Cashless,,,,,,,,SMYEMNL486IS,22 Mar 2026 8:55 AM,131.4,0,0,,,,-4,0,,0,0,127.4,,,,0,,,-38.53,0,0,0,0,88.87,,,,,-2.85,0,,,,,,,,,
Restoran Desa Steamboat,6e97a62f-49f8-429d-afed-748e2cacda7e,Restoran Desa Petaling - Desa Petaling [Non-Halal],542be112-bf93-4d27-ab24-52008e7f9ce5,21 Mar 2026 7:52 AM,21 Mar 2026 7:02 AM,GrabFood,Payment ,,Transferred,4614719242sp00000000000000000000,,,,00138946520-C74AJ75XTJVTAE,GF-972,A-94C26WEGX9HMAV,GrabFood app & web,Auto-Paid,Cashless,,,,,,,,SMYEMNL486IS,22 Mar 2026 8:55 AM,16.6,0,0,,,,0,0,,0,0,16.6,,,,0,,,-5.02,0,0,0,0,11.58,,,,,-0.37,0,,,,,,,,,
Restoran Desa Steamboat,6e97a62f-49f8-429d-afed-748e2cacda7e,Restoran Desa Petaling - Desa Petaling [Non-Halal],542be112-bf93-4d27-ab24-52008e7f9ce5,21 Mar 2026 7:28 AM,21 Mar 2026 6:49 AM,GrabFood,Payment ,,Transferred,4614712305sp00000000000000000000,,,,001840742011-C74AJ4MXLTCXJX,GF-769,A-94CWUUXGWOQCAV,GrabFood app & web,Auto-Paid,Cashless,,,,,,,,SMYEMNL486IS,22 Mar 2026 8:55 AM,33.9,0,0,,,,0,0,,0,0,33.9,,,,0,,,-10.25,0,0,0,0,23.65,,,,,-0.76,0,,,,,,,,,
Restoran Desa Steamboat,6e97a62f-49f8-429d-afed-748e2cacda7e,Restoran Desa Petaling - Desa Petaling [Non-Halal],542be112-bf93-4d27-ab24-52008e7f9ce5,20 Mar 2026 1:17 PM,20 Mar 2026 12:45 PM,GrabFood,Payment ,,Transferred,4613120801sp00000000000000000000,,,,00157697653-C733TGLZV7NUTE,GF-731,A-948TO84WWS8TAV,GrabFood app & web,Auto-Paid,Cashless,,,,,,,,SMYMCRS7BA7V,21 Mar 2026 9:10 AM,11.46,0,0,,,,0,0,,0,0,11.46,,,,0,,,-3.47,0,0,0,0,7.99,,,,,-0.26,0,,,,,,,,,
Restoran Desa Steamboat,6e97a62f-49f8-429d-afed-748e2cacda7e,Restoran Desa Petaling - Desa Petaling [Non-Halal],542be112-bf93-4d27-ab24-52008e7f9ce5,20 Mar 2026 12:49 PM,20 Mar 2026 12:14 PM,GrabFood,Payment ,,Transferred,4613039579sp00000000000000000000,,,,001009135352-C733TAEJGA4YAN,GF-153,A-948QTWAG3BLUAV,GrabFood app & web,Auto-Paid,Cashless,,,,,,,,SMYMCRS7BA7V,21 Mar 2026 9:10 AM,22.8,0,0,,,,0,0,,0,0,22.8,,,,0,,,-6.89,0,0,0,0,15.91,,,,,-0.51,0,,,,,,,,,
Restoran Desa Steamboat,6e97a62f-49f8-429d-afed-748e2cacda7e,Restoran Desa Petaling - Desa Petaling [Non-Halal],542be112-bf93-4d27-ab24-52008e7f9ce5,20 Mar 2026 12:48 PM,20 Mar 2026 12:07 PM,GrabFood,Payment ,,Transferred,4613034531sp00000000000000000000,,,,0011928108-C733SFV1L23CSA,GF-608,A-948Q7VCGX7EAAV,GrabFood app & web,Auto-Paid,Cashless,,,,,,,,SMYMCRS7BA7V,21 Mar 2026 9:10 AM,20.13,0,0,,,,0,0,,0,0,20.13,,,,0,,,-6.09,0,0,0,0,14.04,,,,,-0.45,0,,,,,,,,,
Restoran Desa Steamboat,6e97a62f-49f8-429d-afed-748e2cacda7e,Restoran Desa Petaling - Desa Petaling [Non-Halal],542be112-bf93-4d27-ab24-52008e7f9ce5,20 Mar 2026 12:21 PM,20 Mar 2026 11:46 AM,GrabFood,Payment ,,Transferred,4612952034sp00000000000000000000,,,,00164119-C733SA6EVEDJAT,GF-522,A-948O9RWGX9VIAV,GrabFood app & web,Auto-Paid,Cashless,,,,,,,,SMYMCRS7BA7V,21 Mar 2026 9:10 AM,18.3,0,0,,,,0,0,,0,0,18.3,,,,0,,,-5.53,0,0,0,0,12.77,,,,,-0.41,0,,,,,,,,,
Restoran Desa Steamboat,6e97a62f-49f8-429d-afed-748e2cacda7e,Restoran Desa Petaling - Desa Petaling [Non-Halal],542be112-bf93-4d27-ab24-52008e7f9ce5,20 Mar 2026 11:24 AM,20 Mar 2026 11:02 AM,GrabFood,Payment ,,Transferred,4612793519sp00000000000000000000,,,,0013057426-C733RY4KEJVHTJ,GF-539,A-948K94HWW43DAV,GrabFood app & web,Auto-Paid,Cashless,,,,,,,,SMYMCRS7BA7V,21 Mar 2026 9:10 AM,27,0,0,,,,0,0,,0,0,27,,,,0,,,-8.16,0,0,0,0,18.84,,,,,-0.6,0,,,,,,,,,
Restoran Desa Steamboat,6e97a62f-49f8-429d-afed-748e2cacda7e,Restoran Desa Petaling - Desa Petaling [Non-Halal],542be112-bf93-4d27-ab24-52008e7f9ce5,20 Mar 2026 9:17 AM,20 Mar 2026 8:52 AM,GrabFood,Payment ,,Transferred,4612571208sp00000000000000000000,,,,00171517566-C733N8KWVUMYAT,GF-102,A-9488BH4GW2USAV,GrabFood app & web,Auto-Paid,Cashless,,,,,,,,SMYMCRS7BA7V,21 Mar 2026 9:10 AM,24.3,0,0,,,,0,0,,0,0,24.3,,,,0,,,-7.35,0,0,0,0,16.95,,,,,-0.54,0,,,,,,,,,
Restoran Desa Steamboat,6e97a62f-49f8-429d-afed-748e2cacda7e,Restoran Desa Petaling - Desa Petaling [Non-Halal],542be112-bf93-4d27-ab24-52008e7f9ce5,20 Mar 2026 7:54 AM,20 Mar 2026 7:12 AM,GrabFood,Payment ,,Transferred,4612501822sp00000000000000000000,,,,00180328956-C733NGLJTTJDWE,GF-688,A-947V79CWW27QAV,GrabFood app & web,Auto-Paid,Cashless,,,,,,,,SMYMCRS7BA7V,21 Mar 2026 9:10 AM,46.3,0,0,,,,-4,0,,0,0,42.3,,,,0,,,-12.79,0,0,0,0,29.51,,,,,-0.95,0,,,,,,,,,
Restoran Desa Steamboat,6e97a62f-49f8-429d-afed-748e2cacda7e,Restoran Desa Petaling - Desa Petaling [Non-Halal],542be112-bf93-4d27-ab24-52008e7f9ce5,19 Mar 2026 11:57 AM,19 Mar 2026 10:36 AM,GrabFood,Payment ,,Transferred,4610425095sp00000000000000000000,,,,00141576858-C732T76BGUMWTN,GF-107,A-944EXQLWX7XRAV,GrabFood app & web,Auto-Paid,Cashless,,,,,,,,SMYSHMNKI6KT,20 Mar 2026 9:14 AM,22.95,0,0,,,,0,0,,0,0,22.95,,,,0,,,-6.94,0,0,0,0,16.01,,,,,-0.51,0,,,,,,,,,
Restoran Desa Steamboat,6e97a62f-49f8-429d-afed-748e2cacda7e,Restoran Desa Petaling - Desa Petaling [Non-Halal],542be112-bf93-4d27-ab24-52008e7f9ce5,19 Mar 2026 10:40 AM,19 Mar 2026 9:59 AM,GrabFood,Payment ,,Transferred,4610223286sp00000000000000000000,,,,001143541250-C732TYLERYTBJA,GF-986,A-944AKKXWW8JEAV,GrabFood app & web,Auto-Paid,Cashless,,,,,,,,SMYSHMNKI6KT,20 Mar 2026 9:14 AM,103.7,0,0,,,,-4,0,,0,0,99.7,,,,0,,,-30.15,0,0,0,0,69.55,,,,,-2.23,0,,,,,,,,,
Restoran Desa Steamboat,6e97a62f-49f8-429d-afed-748e2cacda7e,Restoran Desa Petaling - Desa Petaling [Non-Halal],542be112-bf93-4d27-ab24-52008e7f9ce5,19 Mar 2026 9:04 AM,19 Mar 2026 8:05 AM,GrabFood,Payment ,,Transferred,4610032980sp00000000000000000000,,,,00149359929-C732SB4WSEKJNJ,GF-493,A-944W9X4WWEU5AV,GrabFood app & web,Auto-Paid,Cashless,,,,,,,,SMYSHMNKI6KT,20 Mar 2026 9:14 AM,21.4,0,0,,,,0,0,,0,0,21.4,,,,0,,,-6.47,0,0,0,0,14.93,,,,,-0.48,0,,,,,,,,,
Restoran Desa Steamboat,6e97a62f-49f8-429d-afed-748e2cacda7e,Restoran Desa Petaling - Desa Petaling [Non-Halal],542be112-bf93-4d27-ab24-52008e7f9ce5,19 Mar 2026 7:57 AM,19 Mar 2026 7:07 AM,GrabFood,Payment ,,Transferred,4609957895sp00000000000000000000,,,,00170649681-C732RXW1EUJ2BE,GF-002,A-943QV9XGWGNPAV,GrabFood app & web,Auto-Paid,Cashless,,,,,,,,SMYSHMNKI6KT,20 Mar 2026 9:14 AM,22.1,0,0,,,,0,0,,0,0,22.1,,,,0,,,-6.68,0,0,0,0,15.42,,,,,-0.49,0,,,,,,,,,
Restoran Desa Steamboat,6e97a62f-49f8-429d-afed-748e2cacda7e,Restoran Desa Petaling - Desa Petaling [Non-Halal],542be112-bf93-4d27-ab24-52008e7f9ce5,18 Mar 2026 11:56 AM,18 Mar 2026 10:44 AM,GrabFood,Payment ,,Transferred,4607574313sp00000000000000000000,,,,001776487021-C732AGDDGJWJSE,GF-449,A-94WAUJQWWTHJAV,GrabFood app & web,Auto-Paid,Cashless,,,,,,,,SMYUHDDTZ8DV,19 Mar 2026 9:03 AM,22.8,0,0,,,,0,0,,0,0,22.8,,,,0,,,-6.89,0,0,0,0,15.91,,,,,-0.51,0,,,,,,,,,
Restoran Desa Steamboat,6e97a62f-49f8-429d-afed-748e2cacda7e,Restoran Desa Petaling - Desa Petaling [Non-Halal],542be112-bf93-4d27-ab24-52008e7f9ce5,18 Mar 2026 11:06 AM,18 Mar 2026 10:18 AM,GrabFood,Payment ,,Transferred,4607427502sp00000000000000000000,,,,00192086052-C732AA2HLF6XG6,GF-576,A-94W8ILWWWOO8AV,GrabFood app & web,Auto-Paid,Cashless,,,,,,,,SMYUHDDTZ8DV,19 Mar 2026 9:03 AM,22.7,0,0,,,,0,0,,0,0,22.7,,,,0,,,-6.86,0,0,0,0,15.84,,,,,-0.51,0,,,,,,,,,
Restoran Desa Steamboat,6e97a62f-49f8-429d-afed-748e2cacda7e,Restoran Desa Petaling - Desa Petaling [Non-Halal],542be112-bf93-4d27-ab24-52008e7f9ce5,18 Mar 2026 10:40 AM,18 Mar 2026 9:55 AM,GrabFood,Payment ,,Transferred,4607373458sp00000000000000000000,,,,001216213509-C731WCKYVF3XSA,GF-013,A-94W6FLNWWNVUAV,GrabFood app & web,Auto-Paid,Cashless,,,,,,,,SMYUHDDTZ8DV,19 Mar 2026 9:03 AM,32.8,0,0,,,,0,0,,0,0,32.8,,,,0,,,-9.92,0,0,0,0,22.88,,,,,-0.73,0,,,,,,,,,
Restoran Desa Steamboat,6e97a62f-49f8-429d-afed-748e2cacda7e,Restoran Desa Petaling - Desa Petaling [Non-Halal],542be112-bf93-4d27-ab24-52008e7f9ce5,18 Mar 2026 10:24 AM,18 Mar 2026 10:23 AM,GrabFood,Adjustment ,Deduction - Eater Compensation,Transferred,4607341283sp00000000000000000000,4607195785sp00000000000000000000,,,001070461153-C731VJWUC2K3LA,GF-886,A-93VSA84WWNVUAV,,Auto-Chargeback,Cashless,,,,,,,,SMYUHDDTZ8DV,19 Mar 2026 9:03 AM,-2.4,,,,,,,,,,,,,,,,,,,,,,,-2.4,,,,,,,,,,Caj balik kerana insiden pelanggan pada 18-03-2026*,Missing- or wrong items,Wrong item(s),高原奶茶 Teh(Iced),https://help.grab.com/merchant/en-my/4408013944729?order_id=001070461153-C731VJWUC2K3LA&merchant_type=GrabFood&mex_id=1-C2W2T4MUJZM2TN&pax_incident_id=CAS-100053556016,appeal before April-17
Restoran Desa Steamboat,6e97a62f-49f8-429d-afed-748e2cacda7e,Restoran Desa Petaling - Desa Petaling [Non-Halal],542be112-bf93-4d27-ab24-52008e7f9ce5,18 Mar 2026 9:16 AM,18 Mar 2026 8:04 AM,GrabFood,Payment ,,Transferred,4607195785sp00000000000000000000,4607341283sp00000000000000000000,,,001070461153-C731VJWUC2K3LA,"GF-490, GF-613","A-93VSA84WWNVUAV, A-93VSAPXWWTXFAV",GrabFood app & web,Auto-Paid,Cashless,,,,,,,,SMYUHDDTZ8DV,19 Mar 2026 9:03 AM,178.05,0,0,,,,-4,0,,0,0,174.05,,,,0,,,-52.63,0,0,0,0,121.42,,,,,-3.9,0,,,,,,,,,
Restoran Desa Steamboat,6e97a62f-49f8-429d-afed-748e2cacda7e,Restoran Desa Petaling - Desa Petaling [Non-Halal],542be112-bf93-4d27-ab24-52008e7f9ce5,18 Mar 2026 7:57 AM,18 Mar 2026 7:14 AM,GrabFood,Payment ,,Transferred,4607093785sp00000000000000000000,,,,00164591058-C731UEVKPETHTE,GF-426,A-93VNMMVGXDOKAV,GrabFood app & web,Auto-Paid,Cashless,,,,,,,,SMYUHDDTZ8DV,19 Mar 2026 9:03 AM,27.65,0,0,,,,0,0,,0,0,27.65,,,,0,,,-8.36,0,0,0,0,19.29,,,,,-0.62,0,,,,,,,,,
Restoran Desa Steamboat,6e97a62f-49f8-429d-afed-748e2cacda7e,Restoran Desa Petaling - Desa Petaling [Non-Halal],542be112-bf93-4d27-ab24-52008e7f9ce5,18 Mar 2026 7:27 AM,18 Mar 2026 6:43 AM,GrabFood,Payment ,,Transferred,4607071655sp00000000000000000000,,,,001764657-C731T7BFUGM2RE,GF-562,A-93VKTL9GX63PAV,GrabFood app & web,Auto-Paid,Cashless,,,,,,,,SMYUHDDTZ8DV,19 Mar 2026 9:03 AM,56.1,0,0,,,,-4,0,,0,0,52.1,,,,0,,,-15.75,0,0,0,0,36.35,,,,,-1.17,0,,,,,,,,,
Restoran Desa Steamboat,6e97a62f-49f8-429d-afed-748e2cacda7e,Restoran Desa Petaling - Desa Petaling [Non-Halal],542be112-bf93-4d27-ab24-52008e7f9ce5,17 Mar 2026 4:11 PM,17 Mar 2026 3:54 PM,GrabFood,Adjustment ,Compensation - Orders,Transferred,4605395852sp00000000000000000000,,,,001163277809-C73XL7VTHECAR2,GF-546,A-93FTNB3WWS8OAV,,Manually Paid,Cashless,,,,,,,,SMYVMSXZVJXC,18 Mar 2026 9:04 AM,9.87,,,,,,,,,,,,,,,,,,,,,,,9.87,,,,,0,,,,,GF Cancelled Order | GF-546 | 2026-03-14,,,,,
Restoran Desa Steamboat,6e97a62f-49f8-429d-afed-748e2cacda7e,Restoran Desa Petaling - Desa Petaling [Non-Halal],542be112-bf93-4d27-ab24-52008e7f9ce5,17 Mar 2026 4:04 PM,17 Mar 2026 3:54 PM,GrabFood,Adjustment ,Compensation - Orders,Transferred,4605359541sp00000000000000000000,,,,00162046020-C73YJF3CPGBBLN,GF-669,A-93JUWE2WWDPTAV,,Manually Paid,Cashless,,,,,,,,SMYVMSXZVJXC,18 Mar 2026 9:04 AM,21.56,,,,,,,,,,,,,,,,,,,,,,,21.56,,,,,0,,,,,GF Cancelled Order | GF-669 | 2026-03-15,,,,,
Restoran Desa Steamboat,6e97a62f-49f8-429d-afed-748e2cacda7e,Restoran Desa Petaling - Desa Petaling [Non-Halal],542be112-bf93-4d27-ab24-52008e7f9ce5,17 Mar 2026 4:02 PM,17 Mar 2026 3:54 PM,GrabFood,Adjustment ,Compensation - Orders,Transferred,4605348226sp00000000000000000000,,,,00145444140-C73VTP2UUFXEFE,GF-675,A-937KA8RWWGEVAV,,Manually Paid,Cashless,,,,,,,,SMYVMSXZVJXC,18 Mar 2026 9:04 AM,170.49,,,,,,,,,,,,,,,,,,,,,,,170.49,,,,,0,,,,,GF Cancelled Order | GF-675 | 2026-03-12,,,,,
Restoran Desa Steamboat,6e97a62f-49f8-429d-afed-748e2cacda7e,Restoran Desa Petaling - Desa Petaling [Non-Halal],542be112-bf93-4d27-ab24-52008e7f9ce5,17 Mar 2026 4:01 PM,17 Mar 2026 3:54 PM,GrabFood,Adjustment ,Compensation - Orders,Transferred,4605345694sp00000000000000000000,,,,00180155-C73WRBM1V33FFE,GF-313,A-93BOROIGX8EDAV,,Manually Paid,Cashless,,,,,,,,SMYVMSXZVJXC,18 Mar 2026 9:04 AM,18.35,,,,,,,,,,,,,,,,,,,,,,,18.35,,,,,0,,,,,GF Cancelled Order | GF-313 | 2026-03-13,,,,,
Restoran Desa Steamboat,6e97a62f-49f8-429d-afed-748e2cacda7e,Restoran Desa Petaling - Desa Petaling [Non-Halal],542be112-bf93-4d27-ab24-52008e7f9ce5,17 Mar 2026 3:54 PM,17 Mar 2026 3:54 PM,GrabFood,Adjustment ,Compensation - Orders,Transferred,4605312562sp00000000000000000000,,,,001542981957-C73XL8CTC7VJC6,GF-790,A-93FUX37GWK39AV,,Manually Paid,Cashless,,,,,,,,SMYVMSXZVJXC,18 Mar 2026 9:04 AM,10.46,,,,,,,,,,,,,,,,,,,,,,,10.46,,,,,0,,,,,GF Cancelled Order | GF-790 | 2026-03-14,,,,,
Restoran Desa Steamboat,6e97a62f-49f8-429d-afed-748e2cacda7e,Restoran Desa Petaling - Desa Petaling [Non-Halal],542be112-bf93-4d27-ab24-52008e7f9ce5,17 Mar 2026 12:34 PM,17 Mar 2026 11:52 AM,GrabFood,Payment ,,Transferred,4604701343sp00000000000000000000,,,,0011746990-C731DFKHLYAAGT,GF-936,A-93SDAAFGW4EEAV,GrabFood app & web,Auto-Paid,Cashless,,,,,,,,SMYVMSXZVJXC,18 Mar 2026 9:04 AM,144.36,0,0,,,,-4,0,,0,0,140.36,,,,0,,,-42.44,0,0,0,0,97.92,,,,,-3.14,0,,,,,,,,,
Restoran Desa Steamboat,6e97a62f-49f8-429d-afed-748e2cacda7e,Restoran Desa Petaling - Desa Petaling [Non-Halal],542be112-bf93-4d27-ab24-52008e7f9ce5,17 Mar 2026 9:06 AM,17 Mar 2026 6:58 AM,GrabFood,Payment ,,Transferred,4604177712sp00000000000000000000,,,,001204860042-C731AGJKLPBKEA,GF-922F,A-93RNRGVGXBBEAV,GrabFood app & web,Auto-Paid,Cashless,,,,,,,,SMYVMSXZVJXC,18 Mar 2026 9:04 AM,47.15,0,0,,,,-4,0,,0,0,43.15,,,,0,,,-13.05,0,0,0,0,30.1,,,,,-0.97,0,,,,,,,,,
Restoran Desa Steamboat,6e97a62f-49f8-429d-afed-748e2cacda7e,Restoran Desa Petaling - Desa Petaling [Non-Halal],542be112-bf93-4d27-ab24-52008e7f9ce5,16 Mar 2026 1:01 PM,16 Mar 2026 12:44 PM,GrabFood,Payment ,,Transferred,4601826927sp00000000000000000000,,,,0019294492-C73ZG2VYGFBYA6,GF-285,A-93OE89BGWQ4EAV,GrabFood app & web,Auto-Paid,Cashless,,,,,,,,SMYFK0PIANH4,17 Mar 2026 8:59 AM,38.2,0,0,,,,0,0,,0,0,38.2,,,,0,,,-11.55,0,0,0,0,26.65,,,,,-0.86,0,,,,,,,,,
Restoran Desa Steamboat,6e97a62f-49f8-429d-afed-748e2cacda7e,Restoran Desa Petaling - Desa Petaling [Non-Halal],542be112-bf93-4d27-ab24-52008e7f9ce5,16 Mar 2026 12:25 PM,16 Mar 2026 11:43 AM,GrabFood,Payment ,,Transferred,4601696343sp00000000000000000000,,,,001950132293-C73ZGKNDUFUVTX,GF-033,A-93O8LWMGXAOEAV,GrabFood app & web,Auto-Paid,Cashless,,,,,,,,SMYFK0PIANH4,17 Mar 2026 8:59 AM,37.03,0,0,,,,0,0,,0,0,37.03,,,,0,,,-11.2,0,0,0,0,25.83,,,,,-0.83,0,,,,,,,,,
Restoran Desa Steamboat,6e97a62f-49f8-429d-afed-748e2cacda7e,Restoran Desa Petaling - Desa Petaling [Non-Halal],542be112-bf93-4d27-ab24-52008e7f9ce5,16 Mar 2026 10:14 AM,16 Mar 2026 9:33 AM,GrabFood,Payment ,,Transferred,4601348545sp00000000000000000000,,,,00162018200-C73ZEU6BJZDYFA,GF-961,A-93NSOXBGWRTAAV,GrabFood app & web,Auto-Paid,Cashless,,,,,,,,SMYFK0PIANH4,17 Mar 2026 8:59 AM,35.15,0,0,,,,0,0,,0,0,35.15,,,,0,,,-10.63,0,0,0,0,24.52,,,,,-0.79,0,,,,,,,,,
Restoran Desa Steamboat,6e97a62f-49f8-429d-afed-748e2cacda7e,Restoran Desa Petaling - Desa Petaling [Non-Halal],542be112-bf93-4d27-ab24-52008e7f9ce5,16 Mar 2026 8:53 AM,16 Mar 2026 7:08 AM,GrabFood,Payment ,,Transferred,4601202951sp00000000000000000000,,,,001922735028-C73ZC2K3NNEELJ,GF-130F,A-93NFI2IWWMU5AV,GrabFood app & web,Auto-Paid,Cashless,,,,,,,,SMYFK0PIANH4,17 Mar 2026 8:59 AM,55.55,0,0,,,,-4,0,,0,0,51.55,,,,0,,,-15.59,0,0,0,0,35.96,,,,,-1.15,0,,,,,,,,,
Restoran Desa Steamboat,6e97a62f-49f8-429d-afed-748e2cacda7e,Restoran Desa Petaling - Desa Petaling [Non-Halal],542be112-bf93-4d27-ab24-52008e7f9ce5,16 Mar 2026 7:23 AM,16 Mar 2026 6:43 AM,GrabFood,Payment ,,Transferred,4601113195sp00000000000000000000,,,,001416590-C73ZCUN2T7LZEA,GF-323,A-93ND6R2WWJCPAV,GrabFood app & web,Auto-Paid,Cashless,,,,,,,,SMYFK0PIANH4,17 Mar 2026 8:59 AM,24.25,0,0,,,,0,0,,0,0,24.25,,,,0,,,-7.33,0,0,0,0,16.92,,,,,-0.54,0,,,,,,,,,
Restoran Desa Steamboat,6e97a62f-49f8-429d-afed-748e2cacda7e,Restoran Desa Petaling - Desa Petaling [Non-Halal],542be112-bf93-4d27-ab24-52008e7f9ce5,15 Mar 2026 1:21 PM,15 Mar 2026 12:16 PM,GrabFood,Payment ,,Transferred,4598989566sp00000000000000000000,,,,00173787306-C73YKATZEPD1AT,GF-610,A-93K7TG8GWQMWAV,GrabFood app & web,Auto-Paid,Cashless,,,,,,,,SMYTKV00SKWY,16 Mar 2026 9:07 AM,37.6,0,0,,,,0,0,,0,0,37.6,,,,0,,,-11.37,0,0,0,0,26.23,,,,,-0.84,0,,,,,,,,,
Restoran Desa Steamboat,6e97a62f-49f8-429d-afed-748e2cacda7e,Restoran Desa Petaling - Desa Petaling [Non-Halal],542be112-bf93-4d27-ab24-52008e7f9ce5,15 Mar 2026 1:04 PM,15 Mar 2026 12:41 PM,GrabFood,Payment ,,Transferred,4598930823sp00000000000000000000,,,,0013343899-C73YKFW2GTKFJN,GF-075,A-93KA4SPWWWXUAV,GrabFood app & web,Auto-Paid,Cash,,,,,,,,SMYTKV00SKWY,16 Mar 2026 9:07 AM,8,0,0,,,,0,0,,0,0,8,,,,0,,,-2.42,0,0,0,0,5.58,,,,,-0.18,0,,,,,,,,,
Restoran Desa Steamboat,6e97a62f-49f8-429d-afed-748e2cacda7e,Restoran Desa Petaling - Desa Petaling [Non-Halal],542be112-bf93-4d27-ab24-52008e7f9ce5,15 Mar 2026 12:45 PM,15 Mar 2026 12:00 PM,GrabFood,Payment ,,Transferred,4598868177sp00000000000000000000,,,,00152731774-C73YJ6TKUGNJCE,GF-814,A-93K6CBQGX3Q4AV,GrabFood app & web,Auto-Paid,Cashless,,,,,,,,SMYTKV00SKWY,16 Mar 2026 9:07 AM,53.99,0,0,,,,-4,0,,0,0,49.99,,,,0,,,-15.12,0,0,0,0,34.87,,,,,-1.12,0,,,,,,,,,
Restoran Desa Steamboat,6e97a62f-49f8-429d-afed-748e2cacda7e,Restoran Desa Petaling - Desa Petaling [Non-Halal],542be112-bf93-4d27-ab24-52008e7f9ce5,15 Mar 2026 11:31 AM,15 Mar 2026 10:28 AM,GrabFood,,,Cancelled,,,,,00162046020-C73YJF3CPGBBLN,GF-669,A-93JUWE2WWDPTAV,,Not Paid,Cashless,,,,,,,,,,,,,,,,,,,,,,,,,,,,,,,,,0,,,,,,,WAITED_TOO_LONG,Customer,,,,,,,
Restoran Desa Steamboat,6e97a62f-49f8-429d-afed-748e2cacda7e,Restoran Desa Petaling - Desa Petaling [Non-Halal],542be112-bf93-4d27-ab24-52008e7f9ce5,15 Mar 2026 10:58 AM,15 Mar 2026 10:18 AM,GrabFood,Payment ,,Transferred,4598553838sp00000000000000000000,,,,001969877780-C73YJEEDGKXUVN,GF-740,A-93JTX72GWFCSAV,GrabFood app & web,Auto-Paid,Cashless,,,,,,,,SMYTKV00SKWY,16 Mar 2026 9:07 AM,32.06,0,0,,,,0,0,,0,0,32.06,,,,0,,,-9.69,0,0,0,0,22.37,,,,,-0.72,0,,,,,,,,,
Restoran Desa Steamboat,6e97a62f-49f8-429d-afed-748e2cacda7e,Restoran Desa Petaling - Desa Petaling [Non-Halal],542be112-bf93-4d27-ab24-52008e7f9ce5,15 Mar 2026 8:15 AM,15 Mar 2026 7:21 AM,GrabFood,Payment ,,Transferred,4598229379sp00000000000000000000,,,,001609449566-C73YGBD2TTKHA6,GF-218,A-93JCRDKWWSNBAV,GrabFood app & web,Auto-Paid,Cashless,,,,,,,,SMYTKV00SKWY,16 Mar 2026 9:07 AM,23.3,0,0,,,,0,0,,0,0,23.3,,,,0,,,-7.05,0,0,0,0,16.25,,,,,-0.52,0,,,,,,,,,
Restoran Desa Steamboat,6e97a62f-49f8-429d-afed-748e2cacda7e,Restoran Desa Petaling - Desa Petaling [Non-Halal],542be112-bf93-4d27-ab24-52008e7f9ce5,15 Mar 2026 7:49 AM,15 Mar 2026 6:54 AM,GrabFood,Payment ,,Transferred,4598214547sp00000000000000000000,,,,001772678-C73YFCDVDELDUE,GF-041,A-93JACV4GWSNBAV,GrabFood app & web,Auto-Paid,Cashless,,,,,,,,SMYTKV00SKWY,16 Mar 2026 9:07 AM,46.7,0,0,,,,-4,0,,0,0,42.7,,,,0,,,-12.91,0,0,0,0,29.79,,,,,-0.96,0,,,,,,,,,
Restoran Desa Steamboat,6e97a62f-49f8-429d-afed-748e2cacda7e,Restoran Desa Petaling - Desa Petaling [Non-Halal],542be112-bf93-4d27-ab24-52008e7f9ce5,14 Mar 2026 1:37 PM,14 Mar 2026 12:40 PM,GrabFood,Payment ,,Transferred,4595834591sp00000000000000000000,,,,001862699909-C73XNNUVAN5UJ2,GF-845,A-93G67SEWWRLSAV,GrabFood app & web,Auto-Paid,Cashless,,,,,,,,SMYIR8YZBCPM,15 Mar 2026 10:13 AM,20,0,0,,,,0,0,,0,0,20,,,,0,,,-6.05,0,0,0,0,13.95,,,,,-0.45,0,,,,,,,,,
Restoran Desa Steamboat,6e97a62f-49f8-429d-afed-748e2cacda7e,Restoran Desa Petaling - Desa Petaling [Non-Halal],542be112-bf93-4d27-ab24-52008e7f9ce5,14 Mar 2026 12:17 PM,14 Mar 2026 11:07 AM,GrabFood,,,Cancelled,,,,,001163277809-C73XL7VTHECAR2,GF-546,A-93FTNB3WWS8OAV,,Not Paid,Cashless,,,,,,,,,,,,,,,,,,,,,,,,,,,,,,,,,0,,,,,,,WAITED_TOO_LONG,Customer,,,,,,,
Restoran Desa Steamboat,6e97a62f-49f8-429d-afed-748e2cacda7e,Restoran Desa Petaling - Desa Petaling [Non-Halal],542be112-bf93-4d27-ab24-52008e7f9ce5,14 Mar 2026 12:17 PM,14 Mar 2026 11:10 AM,GrabFood,,,Cancelled,,,,,001542981957-C73XL8CTC7VJC6,GF-790,A-93FUX37GWK39AV,,Not Paid,Cashless,,,,,,,,,,,,,,,,,,,,,,,,,,,,,,,,,0,,,,,,,WAITED_TOO_LONG,Customer,,,,,,,
Restoran Desa Steamboat,6e97a62f-49f8-429d-afed-748e2cacda7e,Restoran Desa Petaling - Desa Petaling [Non-Halal],542be112-bf93-4d27-ab24-52008e7f9ce5,14 Mar 2026 11:31 AM,14 Mar 2026 10:56 AM,GrabFood,Payment ,,Transferred,4595386571sp00000000000000000000,,,,001218493691-C73XL4NXSFVBPE,GF-231,A-93FSNAOWW288AV,GrabFood app & web,Auto-Paid,Cashless,,,,,,,,SMYIR8YZBCPM,15 Mar 2026 10:13 AM,22.8,0,0,,,,0,0,,0,0,22.8,,,,0,,,-6.89,0,0,0,0,15.91,,,,,-0.51,0,,,,,,,,,
Restoran Desa Steamboat,6e97a62f-49f8-429d-afed-748e2cacda7e,Restoran Desa Petaling - Desa Petaling [Non-Halal],542be112-bf93-4d27-ab24-52008e7f9ce5,14 Mar 2026 11:29 AM,14 Mar 2026 10:28 AM,GrabFood,Payment ,,Transferred,4595379589sp00000000000000000000,,,,001296307504-C73XLXXBJAE2JT,GF-622,A-93FQ3LGGWCXCAV,GrabFood app & web,Auto-Paid,Cashless,,,,,,,,SMYIR8YZBCPM,15 Mar 2026 10:13 AM,26.8,0,0,,,,0,0,,0,0,26.8,,,,0,,,-8.1,0,0,0,0,18.7,,,,,-0.6,0,,,,,,,,,
Restoran Desa Steamboat,6e97a62f-49f8-429d-afed-748e2cacda7e,Restoran Desa Petaling - Desa Petaling [Non-Halal],542be112-bf93-4d27-ab24-52008e7f9ce5,14 Mar 2026 11:26 AM,14 Mar 2026 10:48 AM,GrabFood,Payment ,,Transferred,4595370511sp00000000000000000000,,,,001616516395-C73XL3JKE2NKRT,GF-589,A-93FRVK5WWIWCAV,GrabFood app & web,Auto-Paid,Cashless,,,,,,,,SMYIR8YZBCPM,15 Mar 2026 10:13 AM,44.36,0,0,,,,-4,0,,0,0,40.36,,,,0,,,-12.2,0,0,0,0,28.16,,,,,-0.9,0,,,,,,,,,
Restoran Desa Steamboat,6e97a62f-49f8-429d-afed-748e2cacda7e,Restoran Desa Petaling - Desa Petaling [Non-Halal],542be112-bf93-4d27-ab24-52008e7f9ce5,13 Mar 2026 12:36 PM,13 Mar 2026 10:56 AM,GrabFood,,,Cancelled,,,,,00180155-C73WRBM1V33FFE,GF-313,A-93BOROIGX8EDAV,,Not Paid,Cashless,,,,,,,,,,,,,,,,,,,,,,,,,,,,,,,,,0,,,,,,,,FAILED,,,,,,,
Restoran Desa Steamboat,6e97a62f-49f8-429d-afed-748e2cacda7e,Restoran Desa Petaling - Desa Petaling [Non-Halal],542be112-bf93-4d27-ab24-52008e7f9ce5,13 Mar 2026 11:13 AM,13 Mar 2026 10:29 AM,GrabFood,Payment ,,Transferred,4592147326sp00000000000000000000,,,,001418918808-C73WPCNHLKEZET,GF-495,A-93BME3BGWXHKAV,GrabFood app & web,Auto-Paid,Cashless,,,,,,,,SMYLEOKJVWWX,14 Mar 2026 9:11 AM,20.7,0,0,,,,0,0,,0,0,20.7,,,,0,,,-6.26,0,0,0,0,14.44,,,,,-0.46,0,,,,,,,,,
Restoran Desa Steamboat,6e97a62f-49f8-429d-afed-748e2cacda7e,Restoran Desa Petaling - Desa Petaling [Non-Halal],542be112-bf93-4d27-ab24-52008e7f9ce5,13 Mar 2026 10:13 AM,13 Mar 2026 9:35 AM,GrabFood,Payment ,,Transferred,4592005749sp00000000000000000000,,,,001078161300-C73WNY2DKABHEA,GF-659,A-93BHDOXWWVJEAV,GrabFood app & web,Auto-Paid,Cashless,,,,,,,,SMYLEOKJVWWX,14 Mar 2026 9:11 AM,26.25,0,0,,,,0,0,,0,0,26.25,,,,0,,,-7.94,0,0,0,0,18.31,,,,,-0.59,0,,,,,,,,,
Restoran Desa Steamboat,6e97a62f-49f8-429d-afed-748e2cacda7e,Restoran Desa Petaling - Desa Petaling [Non-Halal],542be112-bf93-4d27-ab24-52008e7f9ce5,12 Mar 2026 12:11 PM,12 Mar 2026 10:48 AM,GrabFood,,,Cancelled,,,,,00145444140-C73VTP2UUFXEFE,"GF-142, GF-192","A-937KA8RWWGEVAV, A-937KAUEGWPUEAV",,Not Paid,Cashless,,,,,,,,,,,,,,,,,,,,,,,,,,,,,,,,,0,,,,,,,,FAILED,,,,,,,
Restoran Desa Steamboat,6e97a62f-49f8-429d-afed-748e2cacda7e,Restoran Desa Petaling - Desa Petaling [Non-Halal],542be112-bf93-4d27-ab24-52008e7f9ce5,12 Mar 2026 10:26 AM,12 Mar 2026 6:48 AM,GrabFood,Payment ,,Transferred,4588941266sp00000000000000000000,,,,00184840858-C73VPE32RP6GTX,GF-500F,A-936UCE4GXWM2AV,GrabFood app & web,Auto-Paid,Cashless,,,,,,,,SMYHNTEHHTSW,13 Mar 2026 9:13 AM,21.5,0,0,,,,0,0,,0,0,21.5,,,,0,,,-6.5,0,0,0,0,15,,,,,-0.48,0,,,,,,,,,
Restoran Desa Steamboat,6e97a62f-49f8-429d-afed-748e2cacda7e,Restoran Desa Petaling - Desa Petaling [Non-Halal],542be112-bf93-4d27-ab24-52008e7f9ce5,12 Mar 2026 10:18 AM,12 Mar 2026 9:40 AM,GrabFood,Payment ,,Transferred,4588926016sp00000000000000000000,,,,00182011081-C73VSFVEHCKHBE,GF-738,A-937E3KMWX5DAAV,GrabFood app & web,Auto-Paid,Cashless,,,,,,,,SMYHNTEHHTSW,13 Mar 2026 9:13 AM,21.4,0,0,,,,0,0,,0,0,21.4,,,,0,,,-6.47,0,0,0,0,14.93,,,,,-0.48,0,,,,,,,,,
Restoran Desa Steamboat,6e97a62f-49f8-429d-afed-748e2cacda7e,Restoran Desa Petaling - Desa Petaling [Non-Halal],542be112-bf93-4d27-ab24-52008e7f9ce5,12 Mar 2026 8:40 AM,12 Mar 2026 7:48 AM,GrabFood,Payment ,,Transferred,4588740199sp00000000000000000000,,,,001362051036-C73VRLETEPUZPE,GF-550,A-9373PRCW2WL9AV,GrabFood app & web,Auto-Paid,Cashless,,,,,,,,SMYHNTEHHTSW,13 Mar 2026 9:13 AM,129.55,0,0,,,,-4,0,,0,0,125.55,,,,0,,,-37.97,0,0,0,0,87.58,,,,,-2.81,0,,,,,,,,,
Restoran Desa Steamboat,6e97a62f-49f8-429d-afed-748e2cacda7e,Restoran Desa Petaling - Desa Petaling [Non-Halal],542be112-bf93-4d27-ab24-52008e7f9ce5,11 Mar 2026 1:06 PM,11 Mar 2026 1:06 PM,GrabFood,Adjustment ,Deduction - Eater Compensation,Transferred,4586301384sp00000000000000000000,4586242994sp00000000000000000000,,,00174207999-C73VALKKKECUTT,GF-966,A-933PXPMWWQ5RAV,,Auto-Chargeback,Cashless,,,,,,,,SMYYQNZ1U9IL,12 Mar 2026 9:01 AM,-7.9,,,,,,,,,,,,,,,,,,,,,,,-7.9,,,,,,,,,,Caj balik kerana insiden pelanggan pada 11-03-2026*,Missing- or wrong items,Missing item(s),Roast Chicken Thigh Siew Yoke Rice,,You can't appeal because sla is passed
Restoran Desa Steamboat,6e97a62f-49f8-429d-afed-748e2cacda7e,Restoran Desa Petaling - Desa Petaling [Non-Halal],542be112-bf93-4d27-ab24-52008e7f9ce5,11 Mar 2026 12:51 PM,11 Mar 2026 12:22 PM,GrabFood,Payment ,,Transferred,4586242994sp00000000000000000000,4586301384sp00000000000000000000,,,00174207999-C73VALKKKECUTT,GF-966,A-933PXPMWWQ5RAV,GrabFood app & web,Auto-Paid,Cashless,,,,,,,,SMYYQNZ1U9IL,12 Mar 2026 9:01 AM,32.5,0,0,,,,0,0,,0,0,32.5,,,,0,,,-9.83,0,0,0,0,22.67,,,,,-0.73,0,,,,,,,,,
Restoran Desa Steamboat,6e97a62f-49f8-429d-afed-748e2cacda7e,Restoran Desa Petaling - Desa Petaling [Non-Halal],542be112-bf93-4d27-ab24-52008e7f9ce5,11 Mar 2026 11:29 AM,11 Mar 2026 9:41 AM,GrabFood,Payment ,,Transferred,4585944630sp00000000000000000000,,,,00164876050-C73UVN2HRE43AE,GF-999F,A-933ABVMG2JUTAV,GrabFood app & web,Auto-Paid,Cashless,,,,,,,,SMYYQNZ1U9IL,12 Mar 2026 9:01 AM,5.3,0,0,,,,0,0,,0,0,5.3,,,,0,,,-1.6,0,0,0,0,3.7,,,,,-0.12,0,,,,,,,,,
Restoran Desa Steamboat,6e97a62f-49f8-429d-afed-748e2cacda7e,Restoran Desa Petaling - Desa Petaling [Non-Halal],542be112-bf93-4d27-ab24-52008e7f9ce5,11 Mar 2026 11:24 AM,11 Mar 2026 10:46 AM,GrabFood,Payment ,,Transferred,4585931247sp00000000000000000000,,,,001188761578-C73UV6M2JY5FJ2,GF-180,A-933G8VLW3DS8AV,GrabFood app & web,Auto-Paid,Cashless,,,,,,,,SMYYQNZ1U9IL,12 Mar 2026 9:01 AM,18.3,0,0,,,,0,0,,0,0,18.3,,,,0,,,-5.53,0,0,0,0,12.77,,,,,-0.41,0,,,,,,,,,
Restoran Desa Steamboat,6e97a62f-49f8-429d-afed-748e2cacda7e,Restoran Desa Petaling - Desa Petaling [Non-Halal],542be112-bf93-4d27-ab24-52008e7f9ce5,11 Mar 2026 11:14 AM,11 Mar 2026 10:34 AM,GrabFood,Payment ,,Transferred,4585902979sp00000000000000000000,,,,001751537575-C73UV3D3RUEFDE,GF-054,A-933F6SWWWRDLAV,GrabFood app & web,Auto-Paid,Cashless,,,,,,,,SMYYQNZ1U9IL,12 Mar 2026 9:01 AM,14.5,0,0,,,,0,0,,0,0,14.5,,,,0,,,-4.38,0,0,0,0,10.12,,,,,-0.32,0,,,,,,,,,
Restoran Desa Steamboat,6e97a62f-49f8-429d-afed-748e2cacda7e,Restoran Desa Petaling - Desa Petaling [Non-Halal],542be112-bf93-4d27-ab24-52008e7f9ce5,11 Mar 2026 7:52 AM,11 Mar 2026 7:10 AM,GrabFood,Payment ,,Transferred,4585564785sp00000000000000000000,,,,00153148015-C73UTTVBA7WCJE,GF-546,A-932SH9WGWAOVAV,GrabFood app & web,Auto-Paid,Cashless,,,,,,,,SMYYQNZ1U9IL,12 Mar 2026 9:01 AM,21.4,0,0,,,,0,0,,0,0,21.4,,,,0,,,-6.47,0,0,0,0,14.93,,,,,-0.48,0,,,,,,,,,
Restoran Desa Steamboat,6e97a62f-49f8-429d-afed-748e2cacda7e,Restoran Desa Petaling - Desa Petaling [Non-Halal],542be112-bf93-4d27-ab24-52008e7f9ce5,9 Mar 2026 8:55 AM,9 Mar 2026 8:06 AM,GrabFood,Payment ,,Transferred,4579586834sp00000000000000000000,,,,001682921656-C73TCVAARYBJJJ,GF-267,A-92QPVQLWW5QOAV,GrabFood app & web,Auto-Paid,Cashless,,,,,,,,SMYE5GMSWNSM,10 Mar 2026 9:12 AM,102.4,0,0,,,,-4,0,,0,0,98.4,,,,0,,,-29.76,0,0,0,0,68.64,,,,,-2.2,0,,,,,,,,,
Restoran Desa Steamboat,6e97a62f-49f8-429d-afed-748e2cacda7e,Restoran Desa Petaling - Desa Petaling [Non-Halal],542be112-bf93-4d27-ab24-52008e7f9ce5,9 Mar 2026 8:12 AM,9 Mar 2026 7:31 AM,GrabFood,Payment ,,Transferred,4579535074sp00000000000000000000,,,,00166312853-C73TCKXYRZAUBA,GF-689,A-92QMPXEGWUO4AV,GrabFood app & web,Auto-Paid,Cashless,,,,,,,,SMYE5GMSWNSM,10 Mar 2026 9:12 AM,27.65,0,0,,,,0,0,,0,0,27.65,,,,0,,,-8.36,0,0,0,0,19.29,,,,,-0.62,0,,,,,,,,,
Restoran Desa Steamboat,6e97a62f-49f8-429d-afed-748e2cacda7e,Restoran Desa Petaling - Desa Petaling [Non-Halal],542be112-bf93-4d27-ab24-52008e7f9ce5,9 Mar 2026 7:59 AM,9 Mar 2026 7:26 AM,GrabFood,Payment ,,Transferred,4579520434sp00000000000000000000,,,,001518325849-C73TCJ6WJTLJTE,GF-745,A-92QMA93WWKQDAV,GrabFood app & web,Auto-Paid,Cashless,,,,,,,,SMYE5GMSWNSM,10 Mar 2026 9:12 AM,14.7,0,0,,,,0,0,,0,0,14.7,,,,0,,,-4.45,0,0,0,0,10.25,,,,,-0.33,0,,,,,,,,,
Restoran Desa Steamboat,6e97a62f-49f8-429d-afed-748e2cacda7e,Restoran Desa Petaling - Desa Petaling [Non-Halal],542be112-bf93-4d27-ab24-52008e7f9ce5,9 Mar 2026 7:52 AM,9 Mar 2026 6:53 AM,GrabFood,Payment ,,Transferred,4579514411sp00000000000000000000,,,,0010861274-C73TCBBFRFW3CX,GF-732,A-92QJA6HWX5GWAV,GrabFood app & web,Auto-Paid,Cashless,,,,,,,,SMYE5GMSWNSM,10 Mar 2026 9:12 AM,30.4,0,0,,,,0,0,,0,0,30.4,,,,0,,,-9.19,0,0,0,0,21.21,,,,,-0.68,0,,,,,,,,,
Restoran Desa Steamboat,6e97a62f-49f8-429d-afed-748e2cacda7e,Restoran Desa Petaling - Desa Petaling [Non-Halal],542be112-bf93-4d27-ab24-52008e7f9ce5,9 Mar 2026 7:15 AM,9 Mar 2026 6:26 AM,GrabFood,Payment ,,Transferred,4579483148sp00000000000000000000,,,,001563589528-C73TBCAXEP5GVE,GF-358,A-92QGRGLWWBGQAV,GrabFood app & web,Auto-Paid,Cashless,,,,,,,,SMYE5GMSWNSM,10 Mar 2026 9:12 AM,24.75,0,0,,,,0,0,,0,0,24.75,,,,0,,,-7.48,0,0,0,0,17.27,,,,,-0.55,0,,,,,,,,,
Restoran Desa Steamboat,6e97a62f-49f8-429d-afed-748e2cacda7e,Restoran Desa Petaling - Desa Petaling [Non-Halal],542be112-bf93-4d27-ab24-52008e7f9ce5,8 Mar 2026 2:55 PM,8 Mar 2026 2:24 PM,GrabFood,Payment ,,Transferred,4577501971sp00000000000000000000,,,,0014089838-C73KLECBUEDJNN,GF-257,A-92NOMJ9GWNF9AV,GrabFood app & web,Auto-Paid,Cashless,,,,,,,,SMYEFQXJY7XC,9 Mar 2026 9:33 AM,23,0,0,,,,0,0,,0,0,23,,,,0,,,-6.96,0,0,0,0,16.04,,,,,-0.52,0,,,,,,,,,
Restoran Desa Steamboat,6e97a62f-49f8-429d-afed-748e2cacda7e,Restoran Desa Petaling - Desa Petaling [Non-Halal],542be112-bf93-4d27-ab24-52008e7f9ce5,8 Mar 2026 1:02 PM,8 Mar 2026 12:32 PM,GrabFood,Payment ,,Transferred,4577138684sp00000000000000000000,,,,00179302056-C73KJT5APBVEDE,GF-334,A-92NEGBVGX8JSAV,GrabFood app & web,Auto-Paid,Cashless,,,,,,,,SMYEFQXJY7XC,9 Mar 2026 9:33 AM,31,0,0,,,,0,0,,0,0,31,,,,0,,,-9.37,0,0,0,0,21.63,,,,,-0.69,0,,,,,,,,,
Restoran Desa Steamboat,6e97a62f-49f8-429d-afed-748e2cacda7e,Restoran Desa Petaling - Desa Petaling [Non-Halal],542be112-bf93-4d27-ab24-52008e7f9ce5,8 Mar 2026 1:00 PM,8 Mar 2026 12:43 PM,GrabFood,Payment ,,Transferred,4577134766sp00000000000000000000,,,,00119652448-C73KJXBBJF2BSA,GF-014,A-92NFGKAWWNMWAV,GrabFood app & web,Auto-Paid,Cashless,,,,,,,,SMYEFQXJY7XC,9 Mar 2026 9:33 AM,28.3,0,0,,,,0,0,,0,0,28.3,,,,0,,,-8.56,0,0,0,0,19.74,,,,,-0.63,0,,,,,,,,,
Restoran Desa Steamboat,6e97a62f-49f8-429d-afed-748e2cacda7e,Restoran Desa Petaling - Desa Petaling [Non-Halal],542be112-bf93-4d27-ab24-52008e7f9ce5,8 Mar 2026 12:36 PM,8 Mar 2026 11:53 AM,GrabFood,Payment ,,Transferred,4577049053sp00000000000000000000,,,,00194823661-C73KJGNTWETJJ6,GF-166,A-92NASLBG2E2NAV,GrabFood app & web,Auto-Paid,Cashless,,,,,,,,SMYEFQXJY7XC,9 Mar 2026 9:33 AM,58.75,0,0,,,,-4,0,,0,0,54.75,,,,0,,,-16.56,0,0,0,0,38.19,,,,,-1.23,0,,,,,,,,,
Restoran Desa Steamboat,6e97a62f-49f8-429d-afed-748e2cacda7e,Restoran Desa Petaling - Desa Petaling [Non-Halal],542be112-bf93-4d27-ab24-52008e7f9ce5,8 Mar 2026 11:25 AM,8 Mar 2026 10:52 AM,GrabFood,Payment ,,Transferred,4576818131sp00000000000000000000,,,,001704463160-C73KHA4UGRKKLX,GF-079,A-92N5AUAWXAU8AV,GrabFood app & web,Auto-Paid,Cashless,,,,,,,,SMYEFQXJY7XC,9 Mar 2026 9:33 AM,22.8,0,0,,,,0,0,,0,0,22.8,,,,0,,,-6.89,0,0,0,0,15.91,,,,,-0.51,0,,,,,,,,,
Restoran Desa Steamboat,6e97a62f-49f8-429d-afed-748e2cacda7e,Restoran Desa Petaling - Desa Petaling [Non-Halal],542be112-bf93-4d27-ab24-52008e7f9ce5,8 Mar 2026 10:20 AM,8 Mar 2026 9:39 AM,GrabFood,Payment ,,Transferred,4576669434sp00000000000000000000,,,,001938297153-C73KGRNGLCDDSE,GF-519,A-92MULQ9WX73RAV,GrabFood app & web,Auto-Paid,Cashless,,,,,,,,SMYEFQXJY7XC,9 Mar 2026 9:33 AM,55.6,0,0,,,,-4,0,,0,0,51.6,,,,0,,,-15.6,0,0,0,0,36,,,,,-1.16,0,,,,,,,,,
Restoran Desa Steamboat,6e97a62f-49f8-429d-afed-748e2cacda7e,Restoran Desa Petaling - Desa Petaling [Non-Halal],542be112-bf93-4d27-ab24-52008e7f9ce5,8 Mar 2026 10:12 AM,8 Mar 2026 9:42 AM,GrabFood,Payment ,,Transferred,4576653070sp00000000000000000000,,,,001780516804-C73KGTKXJAXYJT,GF-521,A-92MUTXBGW3F9AV,GrabFood app & web,Auto-Paid,Cashless,,,,,,,,SMYEFQXJY7XC,9 Mar 2026 9:33 AM,31.55,0,0,,,,0,0,,0,0,31.55,,,,0,,,-9.54,0,0,0,0,22.01,,,,,-0.71,0,,,,,,,,,
Restoran Desa Steamboat,6e97a62f-49f8-429d-afed-748e2cacda7e,Restoran Desa Petaling - Desa Petaling [Non-Halal],542be112-bf93-4d27-ab24-52008e7f9ce5,8 Mar 2026 8:26 AM,8 Mar 2026 7:49 AM,GrabFood,Payment ,,Transferred,4576473161sp00000000000000000000,,,,001652237534-C73KE65VL7BXKE,GF-978,A-92MKISXWW3F9AV,GrabFood app & web,Auto-Paid,Cashless,,,,,,,,SMYEFQXJY7XC,9 Mar 2026 9:33 AM,64.05,0,0,,,,-4,0,,0,0,60.05,,,,0,,,-18.16,0,0,0,0,41.89,,,,,-1.35,0,,,,,,,,,
Restoran Desa Steamboat,6e97a62f-49f8-429d-afed-748e2cacda7e,Restoran Desa Petaling - Desa Petaling [Non-Halal],542be112-bf93-4d27-ab24-52008e7f9ce5,7 Mar 2026 1:20 PM,7 Mar 2026 12:33 PM,GrabFood,Payment ,,Transferred,4573945926sp00000000000000000000,,,,0011805829-C73JMAACMA5XA2,GF-064,A-92JANLGGWRRJAV,GrabFood app & web,Auto-Paid,Cashless,,,,,,,,SMYVREI8QFYL,8 Mar 2026 9:08 AM,34.7,0,0,,,,0,0,,0,0,34.7,,,,0,,,-10.49,0,0,0,0,24.21,,,,,-0.78,0,,,,,,,,,
Restoran Desa Steamboat,6e97a62f-49f8-429d-afed-748e2cacda7e,Restoran Desa Petaling - Desa Petaling [Non-Halal],542be112-bf93-4d27-ab24-52008e7f9ce5,7 Mar 2026 12:23 PM,7 Mar 2026 11:40 AM,GrabFood,Payment ,,Transferred,4573699609sp00000000000000000000,,,,001323547244-C73JLVCTMFMTL2,GF-393,A-92J7MDLGX9B5AV,GrabFood app & web,Auto-Paid,Cash,,,,,,,,SMYVREI8QFYL,8 Mar 2026 9:08 AM,13.33,0,0,,,,0,0,,0,0,13.33,,,,0,,,-4.03,0,0,0,0,9.3,,,,,-0.3,0,,,,,,,,,
Restoran Desa Steamboat,6e97a62f-49f8-429d-afed-748e2cacda7e,Restoran Desa Petaling - Desa Petaling [Non-Halal],542be112-bf93-4d27-ab24-52008e7f9ce5,7 Mar 2026 12:09 PM,7 Mar 2026 11:20 AM,GrabFood,Payment ,,Transferred,4573644818sp00000000000000000000,,,,001393165883-C73JLPVHAPM1JT,GF-279,A-92J42VSGWXV4AV,GrabFood app & web,Auto-Paid,Cashless,,,,,,,,SMYVREI8QFYL,8 Mar 2026 9:08 AM,57.3,0,0,,,,-4,0,,0,0,53.3,,,,0,,,-16.12,0,0,0,0,37.18,,,,,-1.19,0,,,,,,,,,
Restoran Desa Steamboat,6e97a62f-49f8-429d-afed-748e2cacda7e,Restoran Desa Petaling - Desa Petaling [Non-Halal],542be112-bf93-4d27-ab24-52008e7f9ce5,7 Mar 2026 10:44 AM,7 Mar 2026 9:49 AM,GrabFood,Payment ,,Transferred,4573349218sp00000000000000000000,,,,001287973454-C73JKANVGKBKRN,GF-090,A-92IROKSGWIA3AV,GrabFood app & web,Auto-Paid,Cashless,,,,,,,,SMYVREI8QFYL,8 Mar 2026 9:08 AM,22.8,0,0,,,,0,0,,0,0,22.8,,,,0,,,-6.89,0,0,0,0,15.91,,,,,-0.51,0,,,,,,,,,
Restoran Desa Steamboat,6e97a62f-49f8-429d-afed-748e2cacda7e,Restoran Desa Petaling - Desa Petaling [Non-Halal],542be112-bf93-4d27-ab24-52008e7f9ce5,7 Mar 2026 8:52 AM,7 Mar 2026 8:18 AM,GrabFood,Payment ,,Transferred,4573103235sp00000000000000000000,,,,001428893054-C73JJKXBLRBCRX,GF-570,A-92IJBI7W2RRJAV,GrabFood app & web,Auto-Paid,Cashless,,,,,,,,SMYVREI8QFYL,8 Mar 2026 9:08 AM,14.7,0,0,,,,0,0,,0,0,14.7,,,,0,,,-4.45,0,0,0,0,10.25,,,,,-0.33,0,,,,,,,,,
Restoran Desa Steamboat,6e97a62f-49f8-429d-afed-748e2cacda7e,Restoran Desa Petaling - Desa Petaling [Non-Halal],542be112-bf93-4d27-ab24-52008e7f9ce5,7 Mar 2026 8:16 AM,7 Mar 2026 7:37 AM,GrabFood,Payment ,,Transferred,4573022014sp00000000000000000000,,,,001848727825-C73JJAUFWEC2TJ,GF-430,A-92IFJLEGXDIIAV,GrabFood app & web,Auto-Paid,Cashless,,,,,,,,SMYVREI8QFYL,8 Mar 2026 9:08 AM,93.7,0,0,,,,-4,0,,0,0,89.7,,,,0,,,-27.12,0,0,0,0,62.58,,,,,-2.01,0,,,,,,,,,
Restoran Desa Steamboat,6e97a62f-49f8-429d-afed-748e2cacda7e,Restoran Desa Petaling - Desa Petaling [Non-Halal],542be112-bf93-4d27-ab24-52008e7f9ce5,6 Mar 2026 2:02 PM,6 Mar 2026 1:40 PM,GrabFood,Payment ,,Transferred,4570687284sp00000000000000000000,,,,00184692961-C73HRYVCGUEEJN,GF-595,A-92FD25GWWSS9AV,GrabFood app & web,Auto-Paid,Cashless,,,,,,,,SMYAWYRI2JBW,7 Mar 2026 7:32 AM,10.6,0,0,,,,0,0,,0,0,10.6,,,,0,,,-3.21,0,0,0,0,7.39,,,,,-0.24,0,,,,,,,,,
Restoran Desa Steamboat,6e97a62f-49f8-429d-afed-748e2cacda7e,Restoran Desa Petaling - Desa Petaling [Non-Halal],542be112-bf93-4d27-ab24-52008e7f9ce5,6 Mar 2026 12:45 PM,6 Mar 2026 11:45 AM,GrabFood,Payment ,,Transferred,4570416712sp00000000000000000000,,,,001443802506-C73HPB4DJUTKFE,GF-259,A-92F2HAWW2MH8AV,GrabFood app & web,Auto-Paid,Cashless,,,,,,,,SMYAWYRI2JBW,7 Mar 2026 7:32 AM,14.5,0,0,,,,0,0,,0,0,14.5,,,,0,,,-4.38,0,0,0,0,10.12,,,,,-0.32,0,,,,,,,,,
Restoran Desa Steamboat,6e97a62f-49f8-429d-afed-748e2cacda7e,Restoran Desa Petaling - Desa Petaling [Non-Halal],542be112-bf93-4d27-ab24-52008e7f9ce5,6 Mar 2026 12:13 PM,6 Mar 2026 11:30 AM,GrabFood,Payment ,,Transferred,4570286421sp00000000000000000000,,,,00184536443-C73HN8BWBEVYHE,GF-724,A-92FX4RJW3EEUAV,GrabFood app & web,Auto-Paid,Cashless,,,,,,,,SMYAWYRI2JBW,7 Mar 2026 7:32 AM,29.5,0,0,,,,0,0,,0,0,29.5,,,,0,,,-8.92,0,0,0,0,20.58,,,,,-0.66,0,,,,,,,,,
Restoran Desa Steamboat,6e97a62f-49f8-429d-afed-748e2cacda7e,Restoran Desa Petaling - Desa Petaling [Non-Halal],542be112-bf93-4d27-ab24-52008e7f9ce5,6 Mar 2026 11:50 AM,6 Mar 2026 10:49 AM,GrabFood,Payment ,,Transferred,4570201071sp00000000000000000000,,,,00140726143-C73HNX5CRFKCGN,"GF-505, GF-305","A-92ETC88GX7CBAV, A-92ETCRRGWI99AV",GrabFood app & web,Auto-Paid,Cashless,,,,,,,,SMYAWYRI2JBW,7 Mar 2026 7:32 AM,168.99,0,0,,,,-4,0,,0,0,164.99,,,,0,,,-49.89,0,0,0,0,115.1,,,,,-3.7,0,,,,,,,,,
Restoran Desa Steamboat,6e97a62f-49f8-429d-afed-748e2cacda7e,Restoran Desa Petaling - Desa Petaling [Non-Halal],542be112-bf93-4d27-ab24-52008e7f9ce5,6 Mar 2026 10:22 AM,6 Mar 2026 9:47 AM,GrabFood,Payment ,,Transferred,4569958777sp00000000000000000000,,,,00138262856-C73HNFWAFCAHVT,GF-762,A-92ENNEIWW4I7AV,GrabFood app & web,Auto-Paid,Cashless,,,,,,,,SMYAWYRI2JBW,7 Mar 2026 7:32 AM,31.8,0,0,,,,0,0,,0,0,31.8,,,,0,,,-9.62,0,0,0,0,22.18,,,,,-0.71,0,,,,,,,,,
Restoran Desa Steamboat,6e97a62f-49f8-429d-afed-748e2cacda7e,Restoran Desa Petaling - Desa Petaling [Non-Halal],542be112-bf93-4d27-ab24-52008e7f9ce5,6 Mar 2026 10:19 AM,6 Mar 2026 9:44 AM,GrabFood,Payment ,,Transferred,4569952946sp00000000000000000000,,,,00190698738-C73HNFCXJJMKRE,GF-242,A-92ENDRTWX5TMAV,GrabFood app & web,Auto-Paid,Cashless,,,,,,,,SMYAWYRI2JBW,7 Mar 2026 7:32 AM,20.8,0,0,,,,0,0,,0,0,20.8,,,,0,,,-6.29,0,0,0,0,14.51,,,,,-0.47,0,,,,,,,,,
Restoran Desa Steamboat,6e97a62f-49f8-429d-afed-748e2cacda7e,Restoran Desa Petaling - Desa Petaling [Non-Halal],542be112-bf93-4d27-ab24-52008e7f9ce5,6 Mar 2026 9:15 AM,6 Mar 2026 8:40 AM,GrabFood,Payment ,,Transferred,4569830037sp00000000000000000000,,,,00150882052-C73HL7V2CPV2T6,GF-956,A-92EHKX5GWJUQAV,GrabFood app & web,Auto-Paid,Cashless,,,,,,,,SMYAWYRI2JBW,7 Mar 2026 7:32 AM,21.8,0,0,,,,0,0,,0,0,21.8,,,,0,,,-6.59,0,0,0,0,15.21,,,,,-0.49,0,,,,,,,,,
Restoran Desa Steamboat,6e97a62f-49f8-429d-afed-748e2cacda7e,Restoran Desa Petaling - Desa Petaling [Non-Halal],542be112-bf93-4d27-ab24-52008e7f9ce5,5 Mar 2026 1:23 PM,5 Mar 2026 12:36 PM,GrabFood,Payment ,,Transferred,4567408748sp00000000000000000000,,,,0019006617-C73GTX5JJ7KANX,GF-076,A-92B3A8IGWVDNAV,GrabFood app & web,Auto-Paid,Cashless,,,,,,,,SMYZRS4JFSWG,6 Mar 2026 10:05 AM,18.13,0,0,,,,0,0,,0,0,18.13,,,,0,,,-5.48,0,0,0,0,12.65,,,,,-0.41,0,,,,,,,,,
Restoran Desa Steamboat,6e97a62f-49f8-429d-afed-748e2cacda7e,Restoran Desa Petaling - Desa Petaling [Non-Halal],542be112-bf93-4d27-ab24-52008e7f9ce5,5 Mar 2026 1:09 PM,5 Mar 2026 12:17 PM,GrabFood,Payment ,,Transferred,4567355074sp00000000000000000000,,,,001942636399-C73GTTVFNPLANX,GF-387,A-92BXJE5WWF5TAV,GrabFood app & web,Auto-Paid,Cashless,,,,,,,,SMYZRS4JFSWG,6 Mar 2026 10:05 AM,24,0,0,,,,0,0,,0,0,24,,,,0,,,-7.26,0,0,0,0,16.74,,,,,-0.54,0,,,,,,,,,
Restoran Desa Steamboat,6e97a62f-49f8-429d-afed-748e2cacda7e,Restoran Desa Petaling - Desa Petaling [Non-Halal],542be112-bf93-4d27-ab24-52008e7f9ce5,5 Mar 2026 12:22 PM,5 Mar 2026 11:52 AM,GrabFood,Payment ,,Transferred,4567171597sp00000000000000000000,,,,001142695597-C73GTK3ESAWVEA,GF-445,A-92AV95SW2RU7AV,GrabFood app & web,Auto-Paid,Cashless,,,,,,,,SMYZRS4JFSWG,6 Mar 2026 10:05 AM,23.3,0,0,,,,0,0,,0,0,23.3,,,,0,,,-7.05,0,0,0,0,16.25,,,,,-0.52,0,,,,,,,,,
Restoran Desa Steamboat,6e97a62f-49f8-429d-afed-748e2cacda7e,Restoran Desa Petaling - Desa Petaling [Non-Halal],542be112-bf93-4d27-ab24-52008e7f9ce5,5 Mar 2026 8:46 AM,5 Mar 2026 8:00 AM,GrabFood,Payment ,,Transferred,4566650875sp00000000000000000000,,,,001385085968-C73GPCCKV6TJVN,GF-440,A-92AA3MFGWDL9AV,GrabFood app & web,Auto-Paid,Cashless,,,,,,,,SMYZRS4JFSWG,6 Mar 2026 10:05 AM,63.55,0,0,,,,-4,0,,0,0,59.55,,,,0,,,-18.01,0,0,0,0,41.54,,,,,-1.33,0,,,,,,,,,
Restoran Desa Steamboat,6e97a62f-49f8-429d-afed-748e2cacda7e,Restoran Desa Petaling - Desa Petaling [Non-Halal],542be112-bf93-4d27-ab24-52008e7f9ce5,5 Mar 2026 8:03 AM,5 Mar 2026 7:27 AM,GrabFood,Payment ,,Transferred,4566599911sp00000000000000000000,,,,00199845013-C73GN4CWKE5WEN,GF-835,A-92A726TGW4V9AV,GrabFood app & web,Auto-Paid,Cashless,,,,,,,,SMYZRS4JFSWG,6 Mar 2026 10:05 AM,27.65,0,0,,,,0,0,,0,0,27.65,,,,0,,,-8.36,0,0,0,0,19.29,,,,,-0.62,0,,,,,,,,,
Restoran Desa Steamboat,6e97a62f-49f8-429d-afed-748e2cacda7e,Restoran Desa Petaling - Desa Petaling [Non-Halal],542be112-bf93-4d27-ab24-52008e7f9ce5,5 Mar 2026 7:33 AM,5 Mar 2026 6:53 AM,GrabFood,Payment ,,Transferred,4566570234sp00000000000000000000,,,,001918936708-C73GNU6HDCATJ2,GF-326,A-92A3TABGWRR2AV,GrabFood app & web,Auto-Paid,Cashless,,,,,,,,SMYZRS4JFSWG,6 Mar 2026 10:05 AM,36.6,0,0,,,,0,0,,0,0,36.6,,,,0,,,-11.07,0,0,0,0,25.53,,,,,-0.82,0,,,,,,,,,
Restoran Desa Steamboat,6e97a62f-49f8-429d-afed-748e2cacda7e,Restoran Desa Petaling - Desa Petaling [Non-Halal],542be112-bf93-4d27-ab24-52008e7f9ce5,5 Mar 2026 6:46 AM,5 Mar 2026 6:06 AM,GrabFood,Payment ,,Transferred,4566534829sp00000000000000000000,,,,001127378752-C73GNJAJTXB1R2,GF-811,A-929VLL4WXAPVAV,GrabFood app & web,Auto-Paid,Cashless,,,,,,,,SMYZRS4JFSWG,6 Mar 2026 10:05 AM,9.6,0,0,,,,0,0,,0,0,9.6,,,,0,,,-2.9,0,0,0,0,6.7,,,,,-0.21,0,,,,,,,,,
Restoran Desa Steamboat,6e97a62f-49f8-429d-afed-748e2cacda7e,Restoran Desa Petaling - Desa Petaling [Non-Halal],542be112-bf93-4d27-ab24-52008e7f9ce5,4 Mar 2026 12:39 PM,4 Mar 2026 12:06 PM,GrabFood,Payment ,,Transferred,4564126654sp00000000000000000000,,,,001116162222-C73FV6THAAJXKE,GF-144,A-926SPGAGX6RHAV,GrabFood app & web,Auto-Paid,Cashless,,,,,,,,SMYQUCDMQ2GL,5 Mar 2026 9:47 AM,22.8,0,0,,,,0,0,,0,0,22.8,,,,0,,,-6.89,0,0,0,0,15.91,,,,,-0.51,0,,,,,,,,,
Restoran Desa Steamboat,6e97a62f-49f8-429d-afed-748e2cacda7e,Restoran Desa Petaling - Desa Petaling [Non-Halal],542be112-bf93-4d27-ab24-52008e7f9ce5,4 Mar 2026 9:34 AM,4 Mar 2026 9:07 AM,GrabFood,Payment ,,Transferred,4563622247sp00000000000000000000,,,,001101334884-C73FT3DKJY3WTA,GF-252,A-926CD6UGX6FFAV,GrabFood app & web,Auto-Paid,Cashless,,,,,,,,SMYQUCDMQ2GL,5 Mar 2026 9:47 AM,15,0,0,,,,0,0,,0,0,15,,,,0,,,-4.54,0,0,0,0,10.46,,,,,-0.34,0,,,,,,,,,
Restoran Desa Steamboat,6e97a62f-49f8-429d-afed-748e2cacda7e,Restoran Desa Petaling - Desa Petaling [Non-Halal],542be112-bf93-4d27-ab24-52008e7f9ce5,4 Mar 2026 8:56 AM,4 Mar 2026 7:56 AM,GrabFood,Payment ,,Transferred,4563564072sp00000000000000000000,,,,001568661262-C73FTJN2V2CKEJ,GF-323,A-9265SM8WWUKTAV,GrabFood app & web,Auto-Paid,Cashless,,,,,,,,SMYQUCDMQ2GL,5 Mar 2026 9:47 AM,107.2,0,0,,,,-4,0,,0,0,103.2,,,,0,,,-31.21,0,0,0,0,71.99,,,,,-2.31,0,,,,,,,,,
Restoran Desa Steamboat,6e97a62f-49f8-429d-afed-748e2cacda7e,Restoran Desa Petaling - Desa Petaling [Non-Halal],542be112-bf93-4d27-ab24-52008e7f9ce5,3 Mar 2026 11:41 AM,3 Mar 2026 11:05 AM,GrabFood,Payment ,,Transferred,4560881169sp00000000000000000000,,,,0016435038-C73FA6KXATDCJT,GF-857,A-922JBDAWWJWMAV,GrabFood app & web,Auto-Paid,Cashless,,,,,,,,SMYWY1CGAWTV,4 Mar 2026 6:25 AM,28.3,0,0,,,,0,0,,0,0,28.3,,,,0,,,-8.56,0,0,0,0,19.74,,,,,-0.63,0,,,,,,,,,
Restoran Desa Steamboat,6e97a62f-49f8-429d-afed-748e2cacda7e,Restoran Desa Petaling - Desa Petaling [Non-Halal],542be112-bf93-4d27-ab24-52008e7f9ce5,3 Mar 2026 7:30 AM,3 Mar 2026 6:52 AM,GrabFood,Payment ,,Transferred,4560426518sp00000000000000000000,,,,001591299195-C73EVGKDRJMGJT,GF-185,A-92XS4N4GXXK8AV,GrabFood app & web,Auto-Paid,Cashless,,,,,,,,SMYWY1CGAWTV,4 Mar 2026 6:25 AM,37,0,0,,,,0,0,,0,0,37,,,,0,,,-11.19,0,0,0,0,25.81,,,,,-0.83,0,,,,,,,,,
Restoran Desa Steamboat,6e97a62f-49f8-429d-afed-748e2cacda7e,Restoran Desa Petaling - Desa Petaling [Non-Halal],542be112-bf93-4d27-ab24-52008e7f9ce5,3 Mar 2026 7:27 AM,3 Mar 2026 6:45 AM,GrabFood,Payment ,,Transferred,4560424649sp00000000000000000000,,,,001630386660-C73EVFKBTBA2BE,GF-068,A-92XRH36WXDBAAV,GrabFood app & web,Auto-Paid,Cash,,,,,,,,SMYWY1CGAWTV,4 Mar 2026 6:25 AM,24.6,0,0,,,,0,0,,0,0,24.6,,,,0,,,-7.44,0,0,0,0,17.16,,,,,-0.55,0,,,,,,,,,
Restoran Desa Steamboat,6e97a62f-49f8-429d-afed-748e2cacda7e,Restoran Desa Petaling - Desa Petaling [Non-Halal],542be112-bf93-4d27-ab24-52008e7f9ce5,2 Mar 2026 12:16 PM,2 Mar 2026 11:45 AM,GrabFood,Payment ,,Transferred,4558120790sp00000000000000000000,,,,00132602814-C73EENJBV6LFE2,GF-530,A-9XUJ49GGXXKVAV,GrabFood app & web,Auto-Paid,Cashless,,,,,,,,SMYKKKXIINOE,3 Mar 2026 9:12 AM,22.8,0,0,,,,0,0,,0,0,22.8,,,,0,,,-6.89,0,0,0,0,15.91,,,,,-0.51,0,,,,,,,,,
Restoran Desa Steamboat,6e97a62f-49f8-429d-afed-748e2cacda7e,Restoran Desa Petaling - Desa Petaling [Non-Halal],542be112-bf93-4d27-ab24-52008e7f9ce5,2 Mar 2026 8:50 AM,2 Mar 2026 8:10 AM,GrabFood,Payment ,,Transferred,4557635901sp00000000000000000000,,,,0017607963-C73ECAUFLGBJRJ,GF-720,A-9XTVFHOGX7VSAV,GrabFood app & web,Auto-Paid,Cashless,,,,,,,,SMYKKKXIINOE,3 Mar 2026 9:12 AM,26.8,0,0,,,,0,0,,0,0,26.8,,,,0,,,-8.1,0,0,0,0,18.7,,,,,-0.6,0,,,,,,,,,
Restoran Desa Steamboat,6e97a62f-49f8-429d-afed-748e2cacda7e,Restoran Desa Petaling - Desa Petaling [Non-Halal],542be112-bf93-4d27-ab24-52008e7f9ce5,2 Mar 2026 8:01 AM,2 Mar 2026 7:00 AM,GrabFood,Payment ,,Transferred,4557579020sp00000000000000000000,,,,001255741656-C73EA2BVCEKUAA,GF-022,A-9XTP2PGWWMSOAV,GrabFood app & web,Auto-Paid,Cash,,,,,,,,SMYKKKXIINOE,3 Mar 2026 9:12 AM,44.7,0,0,,,,-4,0,,0,0,40.7,,,,0,,,-12.31,0,0,0,0,28.39,,,,,-0.91,0,,,,,,,,,
Restoran Desa Steamboat,6e97a62f-49f8-429d-afed-748e2cacda7e,Restoran Desa Petaling - Desa Petaling [Non-Halal],542be112-bf93-4d27-ab24-52008e7f9ce5,2 Mar 2026 7:55 AM,2 Mar 2026 7:16 AM,GrabFood,Payment ,,Transferred,4557573458sp00000000000000000000,,,,00121044868-C73EA4NCLBNFAE,GF-347,A-9XTQH6FG3BL4AV,GrabFood app & web,Auto-Paid,Cashless,,,,,,,,SMYKKKXIINOE,3 Mar 2026 9:12 AM,27.65,0,0,,,,0,0,,0,0,27.65,,,,0,,,-8.36,0,0,0,0,19.29,,,,,-0.62,0,,,,,,,,,
Restoran Desa Steamboat,6e97a62f-49f8-429d-afed-748e2cacda7e,Restoran Desa Petaling - Desa Petaling [Non-Halal],542be112-bf93-4d27-ab24-52008e7f9ce5,2 Mar 2026 7:29 AM,2 Mar 2026 6:45 AM,GrabFood,Payment ,,Transferred,4557552794sp00000000000000000000,,,,001037748399-C73EAXLDRLAYME,GF-145,A-9XTNNDDG2TGQAV,GrabFood app & web,Auto-Paid,Cashless,,,,,,,,SMYKKKXIINOE,3 Mar 2026 9:12 AM,13.65,0,0,,,,0,0,,0,0,13.65,,,,0,,,-4.13,0,0,0,0,9.52,,,,,-0.31,0,,,,,,,,,
Restoran Desa Steamboat,6e97a62f-49f8-429d-afed-748e2cacda7e,Restoran Desa Petaling - Desa Petaling [Non-Halal],542be112-bf93-4d27-ab24-52008e7f9ce5,2 Mar 2026 6:54 AM,2 Mar 2026 6:14 AM,GrabFood,Payment ,,Transferred,4557526984sp00000000000000000000,,,,001103491-C73EANVBPA2EGE,GF-642,A-9XTKQHHWW2ODAV,GrabFood app & web,Auto-Paid,Cashless,,,,,,,,SMYKKKXIINOE,3 Mar 2026 9:12 AM,10.2,0,0,,,,0,0,,0,0,10.2,,,,0,,,-3.08,0,0,0,0,7.12,,,,,-0.23,0,,,,,,,,,
Restoran Desa Steamboat,6e97a62f-49f8-429d-afed-748e2cacda7e,Restoran Desa Petaling - Desa Petaling [Non-Halal],542be112-bf93-4d27-ab24-52008e7f9ce5,1 Mar 2026 1:12 PM,1 Mar 2026 12:30 PM,GrabFood,Payment ,,Transferred,4555229676sp00000000000000000000,,,,001903868290-C73DHFBYEFWHGA,GF-165,A-9XQJEVRGWWCSAV,GrabFood app & web,Auto-Paid,Cashless,,,,,,,,SMYECMBNK705,2 Mar 2026 10:55 AM,22.8,0,0,,,,0,0,,0,0,22.8,,,,0,,,-6.89,0,0,0,0,15.91,,,,,-0.51,0,,,,,,,,,
Restoran Desa Steamboat,6e97a62f-49f8-429d-afed-748e2cacda7e,Restoran Desa Petaling - Desa Petaling [Non-Halal],542be112-bf93-4d27-ab24-52008e7f9ce5,1 Mar 2026 1:07 PM,1 Mar 2026 12:04 PM,GrabFood,Payment ,,Transferred,4555213582sp00000000000000000000,,,,001395520102-C73DG8EVJP32RN,GF-071,A-9XQH3L9GX4VVAV,GrabFood app & web,Auto-Paid,Cashless,,,,,,,,SMYECMBNK705,2 Mar 2026 10:55 AM,20.66,0,0,,,,0,0,,0,0,20.66,,,,0,,,-6.25,0,0,0,0,14.41,,,,,-0.46,0,,,,,,,,,
Restoran Desa Steamboat,6e97a62f-49f8-429d-afed-748e2cacda7e,Restoran Desa Petaling - Desa Petaling [Non-Halal],542be112-bf93-4d27-ab24-52008e7f9ce5,1 Mar 2026 11:54 AM,1 Mar 2026 11:23 AM,GrabFood,Payment ,,Transferred,4554955800sp00000000000000000000,,,,00170167273-C73DGYAULXTZEN,GF-083,A-9XQDAGTGWKQEAV,GrabFood app & web,Auto-Paid,Cashless,,,,,,,,SMYECMBNK705,2 Mar 2026 10:55 AM,45.6,0,0,,,,-4,0,,0,0,41.6,,,,0,,,-12.58,0,0,0,0,29.02,,,,,-0.93,0,,,,,,,,,
Restoran Desa Steamboat,6e97a62f-49f8-429d-afed-748e2cacda7e,Restoran Desa Petaling - Desa Petaling [Non-Halal],542be112-bf93-4d27-ab24-52008e7f9ce5,1 Mar 2026 10:18 AM,1 Mar 2026 9:35 AM,GrabFood,Payment ,,Transferred,4554711871sp00000000000000000000,,,,0017490515-C73DFCKFV7CYGX,GF-950,A-9XQ3DR7GWVOQAV,GrabFood app & web,Auto-Paid,Cashless,,,,,,,,SMYECMBNK705,2 Mar 2026 10:55 AM,57.9,0,0,,,,-4,0,,0,0,53.9,,,,0,,,-16.3,0,0,0,0,37.6,,,,,-1.21,0,,,,,,,,,
